{"error":"jwt expired","level":"error","message":"Token verification failed","timestamp":"2025-06-02T13:40:08.626Z"}
{"error":"jwt expired","level":"error","message":"Token verification failed","timestamp":"2025-06-02T13:40:08.671Z"}
{"level":"info","message":"✅ Route /api/auth attached successfully","timestamp":"2025-06-02T13:56:04.958Z"}
{"level":"info","message":"✅ Route /api/profile attached successfully","timestamp":"2025-06-02T13:56:04.966Z"}
{"level":"info","message":"✅ Route /api/skills attached successfully","timestamp":"2025-06-02T13:56:04.967Z"}
{"level":"info","message":"✅ Route /api/tasks attached successfully","timestamp":"2025-06-02T13:56:04.967Z"}
{"level":"info","message":"✅ MongoDB Connected","timestamp":"2025-06-02T13:56:05.158Z"}
{"level":"info","message":"🚀 Server running on port 5000","timestamp":"2025-06-02T13:56:05.165Z"}
{"error":"jwt expired","level":"error","message":"Token verification failed","timestamp":"2025-06-02T13:56:45.555Z"}
{"error":"jwt expired","level":"error","message":"Token verification failed","timestamp":"2025-06-02T13:56:45.595Z"}
{"level":"error","message":"Invalid res object:","timestamp":"2025-06-02T13:56:52.741Z"}
{"error":"jwt expired","level":"error","message":"Token verification failed","timestamp":"2025-06-02T13:57:08.780Z"}
{"error":"jwt expired","level":"error","message":"Token verification failed","timestamp":"2025-06-02T13:57:08.801Z"}
{"level":"error","message":"Invalid res object:","timestamp":"2025-06-02T13:57:12.768Z"}
{"error":"jwt expired","level":"error","message":"Token verification failed","timestamp":"2025-06-02T13:57:22.163Z"}
{"error":"jwt expired","level":"error","message":"Token verification failed","timestamp":"2025-06-02T13:57:22.175Z"}
{"level":"error","message":"Invalid res object:","timestamp":"2025-06-02T13:57:26.142Z"}
{"level":"error","message":"Invalid res object:","timestamp":"2025-06-02T13:57:26.157Z"}
{"error":"jwt expired","level":"error","message":"Token verification failed","timestamp":"2025-06-02T14:09:36.995Z"}
{"error":"jwt expired","level":"error","message":"Token verification failed","timestamp":"2025-06-02T14:09:37.052Z"}
{"level":"error","message":"Invalid res object:","timestamp":"2025-06-02T14:10:43.143Z"}
{"level":"error","message":"Invalid res object:","timestamp":"2025-06-02T14:10:56.558Z"}
{"level":"info","message":"Token decoded successfully","timestamp":"2025-06-02T14:10:56.566Z","userId":"68247b4b84c891cdbdbf15ac"}
{"level":"error","message":"Invalid res object:","timestamp":"2025-06-02T14:10:56.573Z"}
{"level":"info","message":"Token decoded successfully","timestamp":"2025-06-02T14:10:56.587Z","userId":"68247b4b84c891cdbdbf15ac"}
{"level":"error","message":"Invalid res object:","timestamp":"2025-06-02T14:11:03.150Z"}
{"level":"error","message":"Invalid res object:","timestamp":"2025-06-02T14:11:09.338Z"}
{"level":"info","message":"Token decoded successfully","timestamp":"2025-06-02T14:11:09.352Z","userId":"68247b4b84c891cdbdbf15ac"}
{"level":"info","message":"Token decoded successfully","timestamp":"2025-06-02T14:11:09.360Z","userId":"68247b4b84c891cdbdbf15ac"}
{"level":"error","message":"Invalid res object:","timestamp":"2025-06-02T14:11:21.720Z"}
{"level":"error","message":"Invalid res object:","timestamp":"2025-06-02T14:11:21.752Z"}
{"level":"error","message":"Invalid res object:","timestamp":"2025-06-02T14:11:23.599Z"}
{"level":"info","message":"Token decoded successfully","timestamp":"2025-06-02T14:11:27.791Z","userId":"68247b4b84c891cdbdbf15ac"}
{"level":"info","message":"Token decoded successfully","timestamp":"2025-06-02T14:11:27.810Z","userId":"68247b4b84c891cdbdbf15ac"}
{"level":"info","message":"Token decoded successfully","timestamp":"2025-06-02T14:11:33.304Z","userId":"68247b4b84c891cdbdbf15ac"}
{"level":"error","message":"Invalid res object:","timestamp":"2025-06-02T14:11:44.809Z"}
{"level":"error","message":"Invalid res object:","timestamp":"2025-06-02T14:11:44.809Z"}
{"level":"info","message":"✅ Route /api/auth attached successfully","timestamp":"2025-06-02T17:08:58.492Z"}
{"level":"info","message":"✅ Route /api/profile attached successfully","timestamp":"2025-06-02T17:08:58.494Z"}
{"level":"info","message":"✅ Route /api/skills attached successfully","timestamp":"2025-06-02T17:08:58.495Z"}
{"level":"info","message":"✅ Route /api/tasks attached successfully","timestamp":"2025-06-02T17:08:58.496Z"}
{"level":"info","message":"✅ MongoDB Connected","timestamp":"2025-06-02T17:08:58.569Z"}
{"level":"info","message":"🚀 Server running on port 5000","timestamp":"2025-06-02T17:08:58.572Z"}
{"level":"error","message":"Invalid res object:","timestamp":"2025-06-02T17:09:24.896Z"}
{"level":"info","message":"Token decoded successfully","timestamp":"2025-06-02T17:09:24.922Z","userId":"68247b4b84c891cdbdbf15ac"}
{"level":"error","message":"Invalid res object:","timestamp":"2025-06-02T17:09:24.925Z"}
{"level":"info","message":"Token decoded successfully","timestamp":"2025-06-02T17:09:24.936Z","userId":"68247b4b84c891cdbdbf15ac"}
{"level":"error","message":"Invalid res object:","timestamp":"2025-06-02T17:09:31.875Z"}
{"level":"info","message":"Token decoded successfully","timestamp":"2025-06-02T17:10:13.511Z","userId":"683ddaec0d889a4585b9567e"}
{"level":"info","message":"Token decoded successfully","timestamp":"2025-06-02T17:10:13.524Z","userId":"683ddaec0d889a4585b9567e"}
{"level":"error","message":"Invalid res object:","timestamp":"2025-06-02T17:10:52.538Z"}
{"level":"error","message":"Invalid res object:","timestamp":"2025-06-02T17:11:12.582Z"}
{"level":"info","message":"Token decoded successfully","timestamp":"2025-06-02T17:11:43.600Z","userId":"683ddaec0d889a4585b9567e"}
{"level":"info","message":"Token decoded successfully","timestamp":"2025-06-02T17:11:43.622Z","userId":"683ddaec0d889a4585b9567e"}
{"level":"info","message":"✅ Route /api/auth attached successfully","timestamp":"2025-06-02T17:26:44.844Z"}
{"level":"info","message":"✅ Route /api/profile attached successfully","timestamp":"2025-06-02T17:26:44.848Z"}
{"level":"info","message":"✅ Route /api/skills attached successfully","timestamp":"2025-06-02T17:26:44.848Z"}
{"level":"info","message":"✅ Route /api/tasks attached successfully","timestamp":"2025-06-02T17:26:44.849Z"}
{"error":"connect ECONNREFUSED ::1:27017","level":"error","message":"❌ MongoDB Connection Error:","timestamp":"2025-06-02T17:27:14.939Z"}
{"error":"connect ECONNREFUSED ::1:27017","level":"error","message":"❌ MongoDB Connection Error:","timestamp":"2025-06-02T17:27:50.009Z"}
{"error":"connect ECONNREFUSED ::1:27017","level":"error","message":"❌ MongoDB Connection Error:","timestamp":"2025-06-02T17:28:25.043Z"}
{"error":"connect ECONNREFUSED ::1:27017","level":"error","message":"❌ MongoDB Connection Error:","timestamp":"2025-06-02T17:29:00.088Z"}
{"error":"connect ECONNREFUSED ::1:27017","level":"error","message":"❌ MongoDB Connection Error:","timestamp":"2025-06-02T17:29:35.146Z"}
{"level":"info","message":"✅ Route /api/auth attached successfully","timestamp":"2025-06-02T17:29:53.941Z"}
{"level":"info","message":"✅ Route /api/profile attached successfully","timestamp":"2025-06-02T17:29:53.944Z"}
{"level":"info","message":"✅ Route /api/skills attached successfully","timestamp":"2025-06-02T17:29:53.944Z"}
{"level":"info","message":"✅ Route /api/tasks attached successfully","timestamp":"2025-06-02T17:29:53.945Z"}
{"error":"connect ECONNREFUSED ::1:27017","level":"error","message":"❌ MongoDB Connection Error:","timestamp":"2025-06-02T17:30:23.982Z"}
{"level":"info","message":"✅ Route /api/auth attached successfully","timestamp":"2025-06-02T17:31:42.614Z"}
{"level":"info","message":"✅ Route /api/profile attached successfully","timestamp":"2025-06-02T17:31:42.617Z"}
{"level":"info","message":"✅ Route /api/skills attached successfully","timestamp":"2025-06-02T17:31:42.618Z"}
{"level":"info","message":"✅ Route /api/tasks attached successfully","timestamp":"2025-06-02T17:31:42.618Z"}
{"level":"info","message":"✅ MongoDB Connected","timestamp":"2025-06-02T17:31:42.952Z"}
{"level":"info","message":"🚀 Server running on port 5000","timestamp":"2025-06-02T17:31:43.102Z"}
{"level":"info","message":"Token decoded successfully","timestamp":"2025-06-02T17:34:58.697Z","userId":"683ddaec0d889a4585b9567e"}
{"level":"info","message":"Skill added: JavaScript (ID: test-uuid-1234) for user 683ddaec0d889a4585b9567e","timestamp":"2025-06-02T17:34:58.741Z"}
{"error":"invalid signature","level":"error","message":"Token verification failed","timestamp":"2025-06-02T17:40:45.468Z"}
{"error":"Unauthorized: Invalid token","level":"error","message":"Server error:","stack":"Error: Unauthorized: Invalid token\n    at C:\\Users\\aswin\\OneDrive\\Desktop\\ai_project\\backend\\middleware\\authMiddleware.js:39:13\n    at asyncUtilWrap (C:\\Users\\aswin\\OneDrive\\Desktop\\ai_project\\backend\\node_modules\\express-async-handler\\index.js:3:20)\n    at Layer.handle [as handle_request] (C:\\Users\\aswin\\OneDrive\\Desktop\\ai_project\\backend\\node_modules\\express\\lib\\router\\layer.js:95:5)\n    at next (C:\\Users\\aswin\\OneDrive\\Desktop\\ai_project\\backend\\node_modules\\express\\lib\\router\\route.js:149:13)\n    at Route.dispatch (C:\\Users\\aswin\\OneDrive\\Desktop\\ai_project\\backend\\node_modules\\express\\lib\\router\\route.js:119:3)\n    at Layer.handle [as handle_request] (C:\\Users\\aswin\\OneDrive\\Desktop\\ai_project\\backend\\node_modules\\express\\lib\\router\\layer.js:95:5)\n    at C:\\Users\\aswin\\OneDrive\\Desktop\\ai_project\\backend\\node_modules\\express\\lib\\router\\index.js:284:15\n    at Function.process_params (C:\\Users\\aswin\\OneDrive\\Desktop\\ai_project\\backend\\node_modules\\express\\lib\\router\\index.js:346:12)\n    at next (C:\\Users\\aswin\\OneDrive\\Desktop\\ai_project\\backend\\node_modules\\express\\lib\\router\\index.js:280:10)\n    at Function.handle (C:\\Users\\aswin\\OneDrive\\Desktop\\ai_project\\backend\\node_modules\\express\\lib\\router\\index.js:175:3)","timestamp":"2025-06-02T17:40:45.472Z"}
{"error":"invalid signature","level":"error","message":"Token verification failed","timestamp":"2025-06-02T17:40:45.481Z"}
{"error":"Unauthorized: Invalid token","level":"error","message":"Server error:","stack":"Error: Unauthorized: Invalid token\n    at C:\\Users\\aswin\\OneDrive\\Desktop\\ai_project\\backend\\middleware\\authMiddleware.js:39:13\n    at asyncUtilWrap (C:\\Users\\aswin\\OneDrive\\Desktop\\ai_project\\backend\\node_modules\\express-async-handler\\index.js:3:20)\n    at Layer.handle [as handle_request] (C:\\Users\\aswin\\OneDrive\\Desktop\\ai_project\\backend\\node_modules\\express\\lib\\router\\layer.js:95:5)\n    at next (C:\\Users\\aswin\\OneDrive\\Desktop\\ai_project\\backend\\node_modules\\express\\lib\\router\\route.js:149:13)\n    at Route.dispatch (C:\\Users\\aswin\\OneDrive\\Desktop\\ai_project\\backend\\node_modules\\express\\lib\\router\\route.js:119:3)\n    at Layer.handle [as handle_request] (C:\\Users\\aswin\\OneDrive\\Desktop\\ai_project\\backend\\node_modules\\express\\lib\\router\\layer.js:95:5)\n    at C:\\Users\\aswin\\OneDrive\\Desktop\\ai_project\\backend\\node_modules\\express\\lib\\router\\index.js:284:15\n    at Function.process_params (C:\\Users\\aswin\\OneDrive\\Desktop\\ai_project\\backend\\node_modules\\express\\lib\\router\\index.js:346:12)\n    at next (C:\\Users\\aswin\\OneDrive\\Desktop\\ai_project\\backend\\node_modules\\express\\lib\\router\\index.js:280:10)\n    at Function.handle (C:\\Users\\aswin\\OneDrive\\Desktop\\ai_project\\backend\\node_modules\\express\\lib\\router\\index.js:175:3)","timestamp":"2025-06-02T17:40:45.484Z"}
{"level":"info","message":"Token decoded successfully","timestamp":"2025-06-02T17:41:03.235Z","userId":"683ddaec0d889a4585b9567e"}
{"level":"info","message":"Token decoded successfully","timestamp":"2025-06-02T17:41:03.261Z","userId":"683ddaec0d889a4585b9567e"}
{"level":"info","message":"Token decoded successfully","timestamp":"2025-06-02T17:41:08.244Z","userId":"683ddaec0d889a4585b9567e"}
{"level":"info","message":"Token decoded successfully","timestamp":"2025-06-02T17:41:08.275Z","userId":"683ddaec0d889a4585b9567e"}
{"level":"info","message":"Token decoded successfully","timestamp":"2025-06-02T17:41:56.352Z","userId":"683ddaec0d889a4585b9567e"}
{"level":"info","message":"Token decoded successfully","timestamp":"2025-06-02T17:41:56.538Z","userId":"683ddaec0d889a4585b9567e"}
{"level":"info","message":"Token decoded successfully","timestamp":"2025-06-02T17:43:19.189Z","userId":"683ddaec0d889a4585b9567e"}
{"level":"info","message":"Token decoded successfully","timestamp":"2025-06-02T17:43:19.214Z","userId":"683ddaec0d889a4585b9567e"}
{"level":"info","message":"Token decoded successfully","timestamp":"2025-06-02T17:44:10.998Z","userId":"683ddaec0d889a4585b9567e"}
{"level":"info","message":"Token decoded successfully","timestamp":"2025-06-02T17:44:11.025Z","userId":"683ddaec0d889a4585b9567e"}
{"level":"info","message":"Token decoded successfully","timestamp":"2025-06-02T17:48:58.726Z","userId":"683ddaec0d889a4585b9567e"}
{"level":"info","message":"Token decoded successfully","timestamp":"2025-06-02T17:48:58.753Z","userId":"683ddaec0d889a4585b9567e"}
{"level":"info","message":"Token decoded successfully","timestamp":"2025-06-02T17:49:07.848Z","userId":"683ddaec0d889a4585b9567e"}
{"level":"info","message":"Token decoded successfully","timestamp":"2025-06-02T17:49:07.880Z","userId":"683ddaec0d889a4585b9567e"}
{"level":"info","message":"Token decoded successfully","timestamp":"2025-06-02T17:49:12.328Z","userId":"683ddaec0d889a4585b9567e"}
{"level":"info","message":"Token decoded successfully","timestamp":"2025-06-02T17:49:12.413Z","userId":"683ddaec0d889a4585b9567e"}
{"level":"info","message":"Skill added: Angular (ID: e1d90f8b-985e-42cc-af12-b9c40df0a5ed) for user 683ddaec0d889a4585b9567e","timestamp":"2025-06-02T17:49:12.481Z"}
{"level":"info","message":"Token decoded successfully","timestamp":"2025-06-02T17:49:12.680Z","userId":"683ddaec0d889a4585b9567e"}
{"level":"info","message":"Token decoded successfully","timestamp":"2025-06-02T17:49:27.293Z","userId":"683ddaec0d889a4585b9567e"}
{"level":"info","message":"Token decoded successfully","timestamp":"2025-06-02T17:49:27.325Z","userId":"683ddaec0d889a4585b9567e"}
{"level":"info","message":"Token decoded successfully","timestamp":"2025-06-02T17:49:46.401Z","userId":"683ddaec0d889a4585b9567e"}
{"level":"info","message":"Token decoded successfully","timestamp":"2025-06-02T17:49:46.434Z","userId":"683ddaec0d889a4585b9567e"}
{"level":"info","message":"Token decoded successfully","timestamp":"2025-06-02T17:50:26.154Z","userId":"683ddaec0d889a4585b9567e"}
{"level":"info","message":"Token decoded successfully","timestamp":"2025-06-02T17:50:26.216Z","userId":"683ddaec0d889a4585b9567e"}
{"level":"info","message":"Token decoded successfully","timestamp":"2025-06-02T17:50:26.481Z","userId":"683ddaec0d889a4585b9567e"}
{"level":"info","message":"Token decoded successfully","timestamp":"2025-06-02T17:50:26.521Z","userId":"683ddaec0d889a4585b9567e"}
{"level":"info","message":"Token decoded successfully","timestamp":"2025-06-02T17:50:46.734Z","userId":"683ddaec0d889a4585b9567e"}
{"level":"info","message":"Token decoded successfully","timestamp":"2025-06-02T17:50:46.819Z","userId":"683ddaec0d889a4585b9567e"}
{"level":"info","message":"Token decoded successfully","timestamp":"2025-06-02T17:50:51.130Z","userId":"683ddaec0d889a4585b9567e"}
{"level":"info","message":"Token decoded successfully","timestamp":"2025-06-02T17:50:51.219Z","userId":"683ddaec0d889a4585b9567e"}
{"level":"info","message":"Skill added: Python (ID: db8876f3-a9c6-40a4-b288-d7f7dbd99bf7) for user 683ddaec0d889a4585b9567e","timestamp":"2025-06-02T17:50:51.246Z"}
{"level":"info","message":"Token decoded successfully","timestamp":"2025-06-02T17:50:51.450Z","userId":"683ddaec0d889a4585b9567e"}
{"level":"info","message":"Token decoded successfully","timestamp":"2025-06-02T17:52:05.876Z","userId":"683ddaec0d889a4585b9567e"}
{"level":"info","message":"Token decoded successfully","timestamp":"2025-06-02T17:52:05.892Z","userId":"683ddaec0d889a4585b9567e"}
{"level":"info","message":"Token decoded successfully","timestamp":"2025-06-02T17:55:24.631Z","userId":"683ddaec0d889a4585b9567e"}
{"level":"info","message":"Token decoded successfully","timestamp":"2025-06-02T17:55:24.722Z","userId":"683ddaec0d889a4585b9567e"}
{"level":"info","message":"Token decoded successfully","timestamp":"2025-06-02T17:55:38.057Z","userId":"683ddaec0d889a4585b9567e"}
{"level":"info","message":"Token decoded successfully","timestamp":"2025-06-02T17:55:38.095Z","userId":"683ddaec0d889a4585b9567e"}
{"level":"info","message":"Token decoded successfully","timestamp":"2025-06-02T17:57:34.918Z","userId":"683ddaec0d889a4585b9567e"}
{"level":"info","message":"Token decoded successfully","timestamp":"2025-06-02T17:57:34.945Z","userId":"683ddaec0d889a4585b9567e"}
{"level":"info","message":"Token decoded successfully","timestamp":"2025-06-02T17:57:47.879Z","userId":"683ddaec0d889a4585b9567e"}
{"level":"info","message":"Token decoded successfully","timestamp":"2025-06-02T17:57:47.917Z","userId":"683ddaec0d889a4585b9567e"}
{"level":"info","message":"Token decoded successfully","timestamp":"2025-06-02T17:57:49.500Z","userId":"683ddaec0d889a4585b9567e"}
{"level":"info","message":"Token decoded successfully","timestamp":"2025-06-02T17:57:49.532Z","userId":"683ddaec0d889a4585b9567e"}
{"level":"info","message":"Token decoded successfully","timestamp":"2025-06-02T17:58:40.390Z","userId":"683ddaec0d889a4585b9567e"}
{"level":"info","message":"Token decoded successfully","timestamp":"2025-06-02T17:58:41.249Z","userId":"683ddaec0d889a4585b9567e"}
{"level":"info","message":"Token decoded successfully","timestamp":"2025-06-02T17:58:43.928Z","userId":"683ddaec0d889a4585b9567e"}
{"level":"info","message":"Token decoded successfully","timestamp":"2025-06-02T17:58:43.967Z","userId":"683ddaec0d889a4585b9567e"}
{"level":"info","message":"Token decoded successfully","timestamp":"2025-06-02T17:58:44.259Z","userId":"683ddaec0d889a4585b9567e"}
{"level":"info","message":"Token decoded successfully","timestamp":"2025-06-02T17:58:44.354Z","userId":"683ddaec0d889a4585b9567e"}
{"level":"info","message":"Token decoded successfully","timestamp":"2025-06-02T17:58:46.499Z","userId":"683ddaec0d889a4585b9567e"}
{"level":"info","message":"Token decoded successfully","timestamp":"2025-06-02T17:58:46.525Z","userId":"683ddaec0d889a4585b9567e"}
{"level":"info","message":"Token decoded successfully","timestamp":"2025-06-02T17:59:12.784Z","userId":"683ddaec0d889a4585b9567e"}
{"level":"info","message":"Token decoded successfully","timestamp":"2025-06-02T17:59:14.194Z","userId":"683ddaec0d889a4585b9567e"}
{"level":"info","message":"Token decoded successfully","timestamp":"2025-06-02T18:02:34.544Z","userId":"683ddaec0d889a4585b9567e"}
{"level":"info","message":"Token decoded successfully","timestamp":"2025-06-02T18:02:34.597Z","userId":"683ddaec0d889a4585b9567e"}
{"level":"info","message":"Token decoded successfully","timestamp":"2025-06-02T18:02:34.800Z","userId":"683ddaec0d889a4585b9567e"}
{"level":"info","message":"Token decoded successfully","timestamp":"2025-06-02T18:02:34.815Z","userId":"683ddaec0d889a4585b9567e"}
{"level":"info","message":"Token decoded successfully","timestamp":"2025-06-02T18:03:09.850Z","userId":"683ddaec0d889a4585b9567e"}
{"level":"info","message":"Token decoded successfully","timestamp":"2025-06-02T18:03:10.039Z","userId":"683ddaec0d889a4585b9567e"}
{"level":"info","message":"Token decoded successfully","timestamp":"2025-06-02T18:06:55.184Z","userId":"683ddaec0d889a4585b9567e"}
{"level":"info","message":"Token decoded successfully","timestamp":"2025-06-02T18:06:55.213Z","userId":"683ddaec0d889a4585b9567e"}
{"level":"info","message":"Token decoded successfully","timestamp":"2025-06-02T18:07:04.690Z","userId":"683ddaec0d889a4585b9567e"}
{"level":"info","message":"Token decoded successfully","timestamp":"2025-06-02T18:07:04.760Z","userId":"683ddaec0d889a4585b9567e"}
{"level":"info","message":"Token decoded successfully","timestamp":"2025-06-02T18:07:13.487Z","userId":"683ddaec0d889a4585b9567e"}
{"level":"info","message":"Token decoded successfully","timestamp":"2025-06-02T18:07:13.532Z","userId":"683ddaec0d889a4585b9567e"}
{"level":"info","message":"Token decoded successfully","timestamp":"2025-06-02T18:13:04.291Z","userId":"683ddaec0d889a4585b9567e"}
{"level":"info","message":"Token decoded successfully","timestamp":"2025-06-02T18:13:04.315Z","userId":"683ddaec0d889a4585b9567e"}
{"level":"info","message":"Token decoded successfully","timestamp":"2025-06-02T18:13:06.710Z","userId":"683ddaec0d889a4585b9567e"}
{"level":"info","message":"Token decoded successfully","timestamp":"2025-06-02T18:13:06.729Z","userId":"683ddaec0d889a4585b9567e"}
{"level":"info","message":"Token decoded successfully","timestamp":"2025-06-02T18:13:15.216Z","userId":"683ddaec0d889a4585b9567e"}
{"level":"info","message":"Token decoded successfully","timestamp":"2025-06-02T18:13:44.305Z","userId":"683ddaec0d889a4585b9567e"}
{"level":"info","message":"Token decoded successfully","timestamp":"2025-06-02T18:13:44.394Z","userId":"683ddaec0d889a4585b9567e"}
{"level":"info","message":"Skill added: Node (ID: 881b1d47-48a0-4842-9f77-6d81a2962158) for user 683ddaec0d889a4585b9567e","timestamp":"2025-06-02T18:13:44.438Z"}
{"level":"info","message":"Token decoded successfully","timestamp":"2025-06-02T18:13:44.647Z","userId":"683ddaec0d889a4585b9567e"}
{"level":"info","message":"Token decoded successfully","timestamp":"2025-06-02T18:18:58.806Z","userId":"683ddaec0d889a4585b9567e"}
{"level":"info","message":"Token decoded successfully","timestamp":"2025-06-02T18:18:58.895Z","userId":"683ddaec0d889a4585b9567e"}
{"level":"info","message":"Token decoded successfully","timestamp":"2025-06-02T18:18:58.915Z","userId":"683ddaec0d889a4585b9567e"}
{"level":"info","message":"Token decoded successfully","timestamp":"2025-06-02T18:18:58.981Z","userId":"683ddaec0d889a4585b9567e"}
{"level":"info","message":"Token decoded successfully","timestamp":"2025-06-02T18:19:06.265Z","userId":"683ddaec0d889a4585b9567e"}
{"level":"info","message":"Token decoded successfully","timestamp":"2025-06-02T18:19:20.256Z","userId":"683ddaec0d889a4585b9567e"}
{"level":"info","message":"✅ Route /api/auth attached successfully at 2025-06-02T18:31:12.138Z","timestamp":"2025-06-02T18:31:12.139Z"}
{"level":"info","message":"✅ Route /api/profile attached successfully at 2025-06-02T18:31:12.143Z","timestamp":"2025-06-02T18:31:12.143Z"}
{"level":"info","message":"✅ Route /api/skills attached successfully at 2025-06-02T18:31:12.145Z","timestamp":"2025-06-02T18:31:12.145Z"}
{"level":"info","message":"✅ Route /api/tasks attached successfully at 2025-06-02T18:31:12.145Z","timestamp":"2025-06-02T18:31:12.145Z"}
{"level":"info","message":"✅ MongoDB Connected","timestamp":"2025-06-02T18:31:12.219Z"}
{"level":"info","message":"🚀 Server running on port 5000","timestamp":"2025-06-02T18:31:12.228Z"}
{"level":"info","message":"Token decoded successfully","timestamp":"2025-06-02T18:31:33.717Z","userId":"683ddaec0d889a4585b9567e"}
{"level":"info","message":"Fetched skills for user 683ddaec0d889a4585b9567e","timestamp":"2025-06-02T18:31:33.728Z"}
{"level":"info","message":"Token decoded successfully","timestamp":"2025-06-02T18:31:33.734Z","userId":"683ddaec0d889a4585b9567e"}
{"level":"info","message":"Fetched skills for user 683ddaec0d889a4585b9567e","timestamp":"2025-06-02T18:31:33.744Z"}
{"level":"info","message":"Token decoded successfully","timestamp":"2025-06-02T18:31:35.907Z","userId":"683ddaec0d889a4585b9567e"}
{"level":"info","message":"Fetched skills for user 683ddaec0d889a4585b9567e","timestamp":"2025-06-02T18:31:35.917Z"}
{"level":"info","message":"Token decoded successfully","timestamp":"2025-06-02T18:31:35.928Z","userId":"683ddaec0d889a4585b9567e"}
{"level":"info","message":"Token decoded successfully","timestamp":"2025-06-02T18:31:35.934Z","userId":"683ddaec0d889a4585b9567e"}
{"level":"info","message":"Fetched analytics for user 683ddaec0d889a4585b9567e","timestamp":"2025-06-02T18:31:35.945Z"}
{"level":"info","message":"Token decoded successfully","timestamp":"2025-06-02T18:31:35.961Z","userId":"683ddaec0d889a4585b9567e"}
{"level":"info","message":"Fetched skills for user 683ddaec0d889a4585b9567e","timestamp":"2025-06-02T18:31:35.966Z"}
{"level":"info","message":"Fetched analytics for user 683ddaec0d889a4585b9567e","timestamp":"2025-06-02T18:31:35.975Z"}
{"level":"info","message":"Token decoded successfully","timestamp":"2025-06-02T18:32:06.037Z","userId":"683ddaec0d889a4585b9567e"}
{"level":"info","message":"Fetched skills for user 683ddaec0d889a4585b9567e","timestamp":"2025-06-02T18:32:06.045Z"}
{"level":"info","message":"Token decoded successfully","timestamp":"2025-06-02T18:32:06.073Z","userId":"683ddaec0d889a4585b9567e"}
{"level":"info","message":"Fetched analytics for user 683ddaec0d889a4585b9567e","timestamp":"2025-06-02T18:32:06.085Z"}
{"level":"info","message":"Token decoded successfully","timestamp":"2025-06-02T18:32:06.096Z","userId":"683ddaec0d889a4585b9567e"}
{"level":"info","message":"Token decoded successfully","timestamp":"2025-06-02T18:32:06.114Z","userId":"683ddaec0d889a4585b9567e"}
{"level":"info","message":"Fetched skills for user 683ddaec0d889a4585b9567e","timestamp":"2025-06-02T18:32:06.141Z"}
{"level":"info","message":"Fetched analytics for user 683ddaec0d889a4585b9567e","timestamp":"2025-06-02T18:32:06.164Z"}
{"level":"info","message":"Token decoded successfully","timestamp":"2025-06-02T18:32:06.283Z","userId":"683ddaec0d889a4585b9567e"}
{"level":"info","message":"Fetched skills for user 683ddaec0d889a4585b9567e","timestamp":"2025-06-02T18:32:06.292Z"}
{"level":"info","message":"Token decoded successfully","timestamp":"2025-06-02T18:32:06.320Z","userId":"683ddaec0d889a4585b9567e"}
{"level":"info","message":"Fetched skills for user 683ddaec0d889a4585b9567e","timestamp":"2025-06-02T18:32:06.343Z"}
{"level":"info","message":"Token decoded successfully","timestamp":"2025-06-02T18:32:26.490Z","userId":"683ddaec0d889a4585b9567e"}
{"level":"info","message":"Fetched skills for user 683ddaec0d889a4585b9567e","timestamp":"2025-06-02T18:32:26.499Z"}
{"level":"info","message":"Token decoded successfully","timestamp":"2025-06-02T18:32:26.505Z","userId":"683ddaec0d889a4585b9567e"}
{"level":"info","message":"Token decoded successfully","timestamp":"2025-06-02T18:32:26.511Z","userId":"683ddaec0d889a4585b9567e"}
{"level":"info","message":"Fetched skills for user 683ddaec0d889a4585b9567e","timestamp":"2025-06-02T18:32:26.517Z"}
{"level":"info","message":"Fetched analytics for user 683ddaec0d889a4585b9567e","timestamp":"2025-06-02T18:32:26.519Z"}
{"level":"info","message":"Token decoded successfully","timestamp":"2025-06-02T18:32:26.522Z","userId":"683ddaec0d889a4585b9567e"}
{"level":"info","message":"Fetched analytics for user 683ddaec0d889a4585b9567e","timestamp":"2025-06-02T18:32:26.528Z"}
{"level":"info","message":"✅ Route /api/auth attached successfully at 2025-06-02T18:41:33.283Z","timestamp":"2025-06-02T18:41:33.283Z"}
{"level":"info","message":"✅ Route /api/profile attached successfully at 2025-06-02T18:41:33.286Z","timestamp":"2025-06-02T18:41:33.286Z"}
{"level":"info","message":"✅ Route /api/skills attached successfully at 2025-06-02T18:41:33.287Z","timestamp":"2025-06-02T18:41:33.287Z"}
{"level":"info","message":"✅ Route /api/tasks attached successfully at 2025-06-02T18:41:33.287Z","timestamp":"2025-06-02T18:41:33.287Z"}
{"level":"info","message":"✅ MongoDB Connected","timestamp":"2025-06-02T18:41:33.335Z"}
{"level":"info","message":"🚀 Server running on port 5000","timestamp":"2025-06-02T18:41:33.343Z"}
{"level":"info","message":"Token decoded successfully","timestamp":"2025-06-02T18:41:41.335Z","userId":"683ddaec0d889a4585b9567e"}
{"level":"info","message":"Token decoded successfully","timestamp":"2025-06-02T18:41:41.427Z","userId":"683ddaec0d889a4585b9567e"}
{"level":"info","message":"Fetched skills for user 683ddaec0d889a4585b9567e","timestamp":"2025-06-02T18:41:41.491Z"}
{"level":"info","message":"Token decoded successfully","timestamp":"2025-06-02T18:41:41.516Z","userId":"683ddaec0d889a4585b9567e"}
{"level":"info","message":"Fetched analytics for user 683ddaec0d889a4585b9567e","timestamp":"2025-06-02T18:41:41.550Z"}
{"level":"info","message":"Fetched skills for user 683ddaec0d889a4585b9567e","timestamp":"2025-06-02T18:41:41.553Z"}
{"level":"info","message":"Token decoded successfully","timestamp":"2025-06-02T18:41:41.559Z","userId":"683ddaec0d889a4585b9567e"}
{"level":"info","message":"Fetched analytics for user 683ddaec0d889a4585b9567e","timestamp":"2025-06-02T18:41:41.576Z"}
{"level":"info","message":"Token decoded successfully","timestamp":"2025-06-02T18:41:41.654Z","userId":"683ddaec0d889a4585b9567e"}
{"level":"info","message":"Fetched skills for user 683ddaec0d889a4585b9567e","timestamp":"2025-06-02T18:41:41.669Z"}
{"level":"info","message":"Token decoded successfully","timestamp":"2025-06-02T18:41:41.682Z","userId":"683ddaec0d889a4585b9567e"}
{"level":"info","message":"Fetched skills for user 683ddaec0d889a4585b9567e","timestamp":"2025-06-02T18:41:41.701Z"}
{"level":"info","message":"Token decoded successfully","timestamp":"2025-06-02T18:41:43.531Z","userId":"683ddaec0d889a4585b9567e"}
{"level":"info","message":"Token decoded successfully","timestamp":"2025-06-02T18:41:43.541Z","userId":"683ddaec0d889a4585b9567e"}
{"level":"info","message":"Fetched skills for user 683ddaec0d889a4585b9567e","timestamp":"2025-06-02T18:41:43.562Z"}
{"level":"info","message":"Fetched analytics for user 683ddaec0d889a4585b9567e","timestamp":"2025-06-02T18:41:43.567Z"}
{"level":"info","message":"Token decoded successfully","timestamp":"2025-06-02T18:41:43.571Z","userId":"683ddaec0d889a4585b9567e"}
{"level":"info","message":"Token decoded successfully","timestamp":"2025-06-02T18:41:43.577Z","userId":"683ddaec0d889a4585b9567e"}
{"level":"info","message":"Fetched skills for user 683ddaec0d889a4585b9567e","timestamp":"2025-06-02T18:41:43.593Z"}
{"level":"info","message":"Fetched analytics for user 683ddaec0d889a4585b9567e","timestamp":"2025-06-02T18:41:43.599Z"}
{"level":"info","message":"Token decoded successfully","timestamp":"2025-06-02T18:50:35.165Z","userId":"683ddaec0d889a4585b9567e"}
{"level":"info","message":"Fetched chart data for user 683ddaec0d889a4585b9567e","timestamp":"2025-06-02T18:50:35.216Z"}
{"level":"info","message":"Token decoded successfully","timestamp":"2025-06-02T18:50:35.228Z","userId":"683ddaec0d889a4585b9567e"}
{"level":"info","message":"Fetched chart data for user 683ddaec0d889a4585b9567e","timestamp":"2025-06-02T18:50:35.282Z"}
{"level":"info","message":"Token decoded successfully","timestamp":"2025-06-02T18:50:52.724Z","userId":"683ddaec0d889a4585b9567e"}
{"level":"info","message":"Fetched skills for user 683ddaec0d889a4585b9567e","timestamp":"2025-06-02T18:50:52.728Z"}
{"level":"info","message":"Token decoded successfully","timestamp":"2025-06-02T18:50:52.840Z","userId":"683ddaec0d889a4585b9567e"}
{"level":"info","message":"Skill added: malayalam (ID: 0d746cfc-f76a-4a07-a198-bc5efccebf34) for user 683ddaec0d889a4585b9567e","timestamp":"2025-06-02T18:50:52.898Z"}
{"level":"info","message":"Token decoded successfully","timestamp":"2025-06-02T18:50:53.086Z","userId":"683ddaec0d889a4585b9567e"}
{"level":"info","message":"Fetched skills for user 683ddaec0d889a4585b9567e","timestamp":"2025-06-02T18:50:53.092Z"}
{"level":"info","message":"Token decoded successfully","timestamp":"2025-06-02T18:59:04.138Z","userId":"683ddaec0d889a4585b9567e"}
{"level":"info","message":"Token decoded successfully","timestamp":"2025-06-02T18:59:04.173Z","userId":"683ddaec0d889a4585b9567e"}
{"level":"info","message":"Token decoded successfully","timestamp":"2025-06-02T18:59:04.180Z","userId":"683ddaec0d889a4585b9567e"}
{"level":"info","message":"Fetched skills for user 683ddaec0d889a4585b9567e","timestamp":"2025-06-02T18:59:04.228Z"}
{"level":"info","message":"Fetched chart data for user 683ddaec0d889a4585b9567e","timestamp":"2025-06-02T18:59:04.232Z"}
{"level":"info","message":"Fetched analytics for user 683ddaec0d889a4585b9567e","timestamp":"2025-06-02T18:59:04.243Z"}
{"level":"info","message":"Token decoded successfully","timestamp":"2025-06-02T18:59:04.246Z","userId":"683ddaec0d889a4585b9567e"}
{"level":"info","message":"Token decoded successfully","timestamp":"2025-06-02T18:59:04.251Z","userId":"683ddaec0d889a4585b9567e"}
{"level":"info","message":"Token decoded successfully","timestamp":"2025-06-02T18:59:04.253Z","userId":"683ddaec0d889a4585b9567e"}
{"level":"info","message":"Fetched skills for user 683ddaec0d889a4585b9567e","timestamp":"2025-06-02T18:59:04.270Z"}
{"level":"info","message":"Fetched chart data for user 683ddaec0d889a4585b9567e","timestamp":"2025-06-02T18:59:04.279Z"}
{"level":"info","message":"Fetched analytics for user 683ddaec0d889a4585b9567e","timestamp":"2025-06-02T18:59:04.282Z"}
{"level":"info","message":"Token decoded successfully","timestamp":"2025-06-02T18:59:04.340Z","userId":"683ddaec0d889a4585b9567e"}
{"level":"info","message":"Fetched skills for user 683ddaec0d889a4585b9567e","timestamp":"2025-06-02T18:59:04.354Z"}
{"level":"info","message":"Token decoded successfully","timestamp":"2025-06-02T18:59:04.363Z","userId":"683ddaec0d889a4585b9567e"}
{"level":"info","message":"Fetched skills for user 683ddaec0d889a4585b9567e","timestamp":"2025-06-02T18:59:04.370Z"}
{"level":"info","message":"Token decoded successfully","timestamp":"2025-06-02T18:59:05.690Z","userId":"683ddaec0d889a4585b9567e"}
{"level":"info","message":"Token decoded successfully","timestamp":"2025-06-02T18:59:05.696Z","userId":"683ddaec0d889a4585b9567e"}
{"level":"info","message":"Token decoded successfully","timestamp":"2025-06-02T18:59:05.704Z","userId":"683ddaec0d889a4585b9567e"}
{"level":"info","message":"Fetched skills for user 683ddaec0d889a4585b9567e","timestamp":"2025-06-02T18:59:05.726Z"}
{"level":"info","message":"Fetched chart data for user 683ddaec0d889a4585b9567e","timestamp":"2025-06-02T18:59:05.731Z"}
{"level":"info","message":"Fetched analytics for user 683ddaec0d889a4585b9567e","timestamp":"2025-06-02T18:59:05.741Z"}
{"level":"info","message":"Token decoded successfully","timestamp":"2025-06-02T18:59:05.744Z","userId":"683ddaec0d889a4585b9567e"}
{"level":"info","message":"Token decoded successfully","timestamp":"2025-06-02T18:59:05.751Z","userId":"683ddaec0d889a4585b9567e"}
{"level":"info","message":"Token decoded successfully","timestamp":"2025-06-02T18:59:05.754Z","userId":"683ddaec0d889a4585b9567e"}
{"level":"info","message":"Fetched skills for user 683ddaec0d889a4585b9567e","timestamp":"2025-06-02T18:59:05.763Z"}
{"level":"info","message":"Fetched chart data for user 683ddaec0d889a4585b9567e","timestamp":"2025-06-02T18:59:05.765Z"}
{"level":"info","message":"Fetched analytics for user 683ddaec0d889a4585b9567e","timestamp":"2025-06-02T18:59:05.775Z"}
{"level":"info","message":"Token decoded successfully","timestamp":"2025-06-02T18:59:47.590Z","userId":"683ddaec0d889a4585b9567e"}
{"level":"info","message":"Token decoded successfully","timestamp":"2025-06-02T18:59:47.594Z","userId":"683ddaec0d889a4585b9567e"}
{"level":"info","message":"Token decoded successfully","timestamp":"2025-06-02T18:59:47.597Z","userId":"683ddaec0d889a4585b9567e"}
{"level":"info","message":"Fetched skills for user 683ddaec0d889a4585b9567e","timestamp":"2025-06-02T18:59:47.606Z"}
{"level":"info","message":"Fetched chart data for user 683ddaec0d889a4585b9567e","timestamp":"2025-06-02T18:59:47.609Z"}
{"level":"info","message":"Fetched analytics for user 683ddaec0d889a4585b9567e","timestamp":"2025-06-02T18:59:47.612Z"}
{"level":"info","message":"Token decoded successfully","timestamp":"2025-06-02T18:59:47.617Z","userId":"683ddaec0d889a4585b9567e"}
{"level":"info","message":"Token decoded successfully","timestamp":"2025-06-02T18:59:47.622Z","userId":"683ddaec0d889a4585b9567e"}
{"level":"info","message":"Token decoded successfully","timestamp":"2025-06-02T18:59:47.625Z","userId":"683ddaec0d889a4585b9567e"}
{"level":"info","message":"Fetched skills for user 683ddaec0d889a4585b9567e","timestamp":"2025-06-02T18:59:47.638Z"}
{"level":"info","message":"Fetched chart data for user 683ddaec0d889a4585b9567e","timestamp":"2025-06-02T18:59:47.642Z"}
{"level":"info","message":"Fetched analytics for user 683ddaec0d889a4585b9567e","timestamp":"2025-06-02T18:59:47.645Z"}
{"level":"info","message":"Token decoded successfully","timestamp":"2025-06-02T18:59:48.616Z","userId":"683ddaec0d889a4585b9567e"}
{"level":"info","message":"Fetched skills for user 683ddaec0d889a4585b9567e","timestamp":"2025-06-02T18:59:48.626Z"}
{"level":"info","message":"Token decoded successfully","timestamp":"2025-06-02T18:59:48.640Z","userId":"683ddaec0d889a4585b9567e"}
{"level":"info","message":"Fetched skills for user 683ddaec0d889a4585b9567e","timestamp":"2025-06-02T18:59:48.652Z"}
{"level":"info","message":"[2025-06-03T02:16:47.943Z] ✅ Route /api/auth attached successfully","timestamp":"2025-06-03T02:16:47.945Z"}
{"level":"info","message":"[2025-06-03T02:16:47.956Z] ✅ Route /api/profile attached successfully","timestamp":"2025-06-03T02:16:47.956Z"}
{"level":"info","message":"[2025-06-03T02:16:47.972Z] ✅ Route /api/skills attached successfully","timestamp":"2025-06-03T02:16:47.972Z"}
{"level":"info","message":"[2025-06-03T02:16:47.980Z] ✅ Route /api/tasks attached successfully","timestamp":"2025-06-03T02:16:47.980Z"}
{"level":"info","message":"[2025-06-03T02:16:48.292Z] ✅ MongoDB Connected","timestamp":"2025-06-03T02:16:48.292Z"}
{"level":"info","message":"[2025-06-03T02:16:48.306Z] 🚀 Server running on port 5000","timestamp":"2025-06-03T02:16:48.306Z"}
{"level":"info","message":"Token decoded successfully","timestamp":"2025-06-03T02:17:23.991Z","userId":"683ddaec0d889a4585b9567e"}
{"level":"info","message":"[2025-06-03T02:17:24.075Z] Fetched skills for user 683ddaec0d889a4585b9567e","timestamp":"2025-06-03T02:17:24.075Z"}
{"level":"info","message":"Token decoded successfully","timestamp":"2025-06-03T02:17:24.135Z","userId":"683ddaec0d889a4585b9567e"}
{"level":"info","message":"[2025-06-03T02:17:24.250Z] Fetched skills for user 683ddaec0d889a4585b9567e","timestamp":"2025-06-03T02:17:24.250Z"}
{"level":"info","message":"Token decoded successfully","timestamp":"2025-06-03T02:17:31.167Z","userId":"683ddaec0d889a4585b9567e"}
{"level":"info","message":"Token decoded successfully","timestamp":"2025-06-03T02:17:31.179Z","userId":"683ddaec0d889a4585b9567e"}
{"level":"info","message":"Token decoded successfully","timestamp":"2025-06-03T02:17:31.217Z","userId":"683ddaec0d889a4585b9567e"}
{"level":"info","message":"[2025-06-03T02:17:31.252Z] Fetched skills for user 683ddaec0d889a4585b9567e","timestamp":"2025-06-03T02:17:31.252Z"}
{"level":"info","message":"[2025-06-03T02:17:31.311Z] Fetched chart data for user 683ddaec0d889a4585b9567e","timestamp":"2025-06-03T02:17:31.311Z"}
{"level":"info","message":"Token decoded successfully","timestamp":"2025-06-03T02:17:31.327Z","userId":"683ddaec0d889a4585b9567e"}
{"level":"info","message":"[2025-06-03T02:17:31.421Z] Fetched analytics for user 683ddaec0d889a4585b9567e","timestamp":"2025-06-03T02:17:31.421Z"}
{"level":"info","message":"Token decoded successfully","timestamp":"2025-06-03T02:17:31.472Z","userId":"683ddaec0d889a4585b9567e"}
{"level":"info","message":"Token decoded successfully","timestamp":"2025-06-03T02:17:31.587Z","userId":"683ddaec0d889a4585b9567e"}
{"level":"info","message":"[2025-06-03T02:17:31.629Z] Fetched chart data for user 683ddaec0d889a4585b9567e","timestamp":"2025-06-03T02:17:31.629Z"}
{"level":"info","message":"[2025-06-03T02:17:31.728Z] Fetched skills for user 683ddaec0d889a4585b9567e","timestamp":"2025-06-03T02:17:31.728Z"}
{"level":"info","message":"[2025-06-03T02:17:31.862Z] Fetched analytics for user 683ddaec0d889a4585b9567e","timestamp":"2025-06-03T02:17:31.863Z"}
{"level":"info","message":"Token decoded successfully","timestamp":"2025-06-03T02:30:09.822Z","userId":"683ddaec0d889a4585b9567e"}
{"level":"info","message":"Token decoded successfully","timestamp":"2025-06-03T02:30:09.861Z","userId":"683ddaec0d889a4585b9567e"}
{"level":"info","message":"Token decoded successfully","timestamp":"2025-06-03T02:30:09.867Z","userId":"683ddaec0d889a4585b9567e"}
{"level":"info","message":"[2025-06-03T02:30:09.899Z] Fetched analytics for user 683ddaec0d889a4585b9567e","timestamp":"2025-06-03T02:30:09.899Z"}
{"level":"info","message":"[2025-06-03T02:30:09.912Z] Fetched chart data for user 683ddaec0d889a4585b9567e","timestamp":"2025-06-03T02:30:09.912Z"}
{"level":"info","message":"[2025-06-03T02:30:09.923Z] Fetched skills for user 683ddaec0d889a4585b9567e","timestamp":"2025-06-03T02:30:09.923Z"}
{"level":"info","message":"Token decoded successfully","timestamp":"2025-06-03T02:30:09.931Z","userId":"683ddaec0d889a4585b9567e"}
{"level":"info","message":"Token decoded successfully","timestamp":"2025-06-03T02:30:09.943Z","userId":"683ddaec0d889a4585b9567e"}
{"level":"info","message":"Token decoded successfully","timestamp":"2025-06-03T02:30:09.958Z","userId":"683ddaec0d889a4585b9567e"}
{"level":"info","message":"[2025-06-03T02:30:09.982Z] Fetched analytics for user 683ddaec0d889a4585b9567e","timestamp":"2025-06-03T02:30:09.982Z"}
{"level":"info","message":"[2025-06-03T02:30:10.019Z] Fetched chart data for user 683ddaec0d889a4585b9567e","timestamp":"2025-06-03T02:30:10.019Z"}
{"level":"info","message":"[2025-06-03T02:30:10.029Z] Fetched skills for user 683ddaec0d889a4585b9567e","timestamp":"2025-06-03T02:30:10.029Z"}
{"level":"info","message":"Token decoded successfully","timestamp":"2025-06-03T02:30:10.671Z","userId":"683ddaec0d889a4585b9567e"}
{"level":"info","message":"[2025-06-03T02:30:10.698Z] Fetched skills for user 683ddaec0d889a4585b9567e","timestamp":"2025-06-03T02:30:10.698Z"}
{"level":"info","message":"Token decoded successfully","timestamp":"2025-06-03T02:30:10.783Z","userId":"683ddaec0d889a4585b9567e"}
{"level":"info","message":"[2025-06-03T02:30:10.798Z] Fetched skills for user 683ddaec0d889a4585b9567e","timestamp":"2025-06-03T02:30:10.799Z"}
{"level":"info","message":"[2025-06-03T02:34:01.986Z] ✅ Route /api/auth attached successfully","timestamp":"2025-06-03T02:34:01.988Z"}
{"level":"info","message":"[2025-06-03T02:34:02.038Z] ✅ Route /api/profile attached successfully","timestamp":"2025-06-03T02:34:02.038Z"}
{"level":"info","message":"[2025-06-03T02:34:02.071Z] ✅ Route /api/skills attached successfully","timestamp":"2025-06-03T02:34:02.071Z"}
{"level":"info","message":"[2025-06-03T02:34:02.116Z] ✅ Route /api/tasks attached successfully","timestamp":"2025-06-03T02:34:02.117Z"}
{"level":"info","message":"[2025-06-03T02:34:02.615Z] ✅ MongoDB Connected","timestamp":"2025-06-03T02:34:02.615Z"}
{"level":"info","message":"[2025-06-03T02:34:02.678Z] 🚀 Server running on port 5000","timestamp":"2025-06-03T02:34:02.678Z"}
{"level":"info","message":"Token decoded successfully","timestamp":"2025-06-03T02:34:38.428Z","userId":"683ddaec0d889a4585b9567e"}
{"level":"info","message":"[2025-06-03T02:34:38.460Z] Fetched skills for user 683ddaec0d889a4585b9567e","timestamp":"2025-06-03T02:34:38.460Z"}
{"level":"info","message":"Token decoded successfully","timestamp":"2025-06-03T02:34:38.476Z","userId":"683ddaec0d889a4585b9567e"}
{"level":"info","message":"[2025-06-03T02:34:38.530Z] Fetched skills for user 683ddaec0d889a4585b9567e","timestamp":"2025-06-03T02:34:38.530Z"}
{"level":"info","message":"Token decoded successfully","timestamp":"2025-06-03T02:35:36.270Z","userId":"683ddaec0d889a4585b9567e"}
{"level":"info","message":"[2025-06-03T02:35:36.286Z] Fetched skills for user 683ddaec0d889a4585b9567e","timestamp":"2025-06-03T02:35:36.286Z"}
{"level":"info","message":"Token decoded successfully","timestamp":"2025-06-03T02:35:36.299Z","userId":"683ddaec0d889a4585b9567e"}
{"level":"info","message":"[2025-06-03T02:35:36.308Z] Fetched skills for user 683ddaec0d889a4585b9567e","timestamp":"2025-06-03T02:35:36.308Z"}
{"level":"info","message":"Token decoded successfully","timestamp":"2025-06-03T02:41:57.918Z","userId":"683ddaec0d889a4585b9567e"}
{"level":"info","message":"Token decoded successfully","timestamp":"2025-06-03T02:41:57.950Z","userId":"683ddaec0d889a4585b9567e"}
{"level":"info","message":"Token decoded successfully","timestamp":"2025-06-03T02:41:57.963Z","userId":"683ddaec0d889a4585b9567e"}
{"level":"info","message":"Token decoded successfully","timestamp":"2025-06-03T02:41:57.971Z","userId":"683ddaec0d889a4585b9567e"}
{"level":"info","message":"[2025-06-03T02:41:58.001Z] Fetched skills for user 683ddaec0d889a4585b9567e","timestamp":"2025-06-03T02:41:58.001Z"}
{"level":"info","message":"[2025-06-03T02:41:58.013Z] Fetched analytics for user 683ddaec0d889a4585b9567e","timestamp":"2025-06-03T02:41:58.013Z"}
{"level":"info","message":"Token decoded successfully","timestamp":"2025-06-03T02:41:58.037Z","userId":"683ddaec0d889a4585b9567e"}
{"level":"info","message":"Token decoded successfully","timestamp":"2025-06-03T02:41:58.043Z","userId":"683ddaec0d889a4585b9567e"}
{"level":"info","message":"[2025-06-03T02:41:58.083Z] Fetched skill plan for user 683ddaec0d889a4585b9567e","timestamp":"2025-06-03T02:41:58.083Z"}
{"level":"info","message":"[2025-06-03T02:41:58.093Z] Fetched chart data for user 683ddaec0d889a4585b9567e","timestamp":"2025-06-03T02:41:58.093Z"}
{"level":"info","message":"Token decoded successfully","timestamp":"2025-06-03T02:41:58.125Z","userId":"683ddaec0d889a4585b9567e"}
{"level":"info","message":"Token decoded successfully","timestamp":"2025-06-03T02:41:58.135Z","userId":"683ddaec0d889a4585b9567e"}
{"level":"info","message":"[2025-06-03T02:41:58.152Z] Fetched skills for user 683ddaec0d889a4585b9567e","timestamp":"2025-06-03T02:41:58.152Z"}
{"level":"info","message":"[2025-06-03T02:41:58.185Z] Fetched skill plan for user 683ddaec0d889a4585b9567e","timestamp":"2025-06-03T02:41:58.185Z"}
{"level":"info","message":"Token decoded successfully","timestamp":"2025-06-03T02:41:58.190Z","userId":"683ddaec0d889a4585b9567e"}
{"level":"info","message":"[2025-06-03T02:41:58.193Z] Fetched analytics for user 683ddaec0d889a4585b9567e","timestamp":"2025-06-03T02:41:58.193Z"}
{"level":"info","message":"[2025-06-03T02:41:58.197Z] Fetched chart data for user 683ddaec0d889a4585b9567e","timestamp":"2025-06-03T02:41:58.197Z"}
{"level":"info","message":"[2025-06-03T02:41:58.217Z] Fetched skills for user 683ddaec0d889a4585b9567e","timestamp":"2025-06-03T02:41:58.217Z"}
{"level":"info","message":"Token decoded successfully","timestamp":"2025-06-03T02:41:58.285Z","userId":"683ddaec0d889a4585b9567e"}
{"level":"info","message":"[2025-06-03T02:41:58.326Z] Fetched skills for user 683ddaec0d889a4585b9567e","timestamp":"2025-06-03T02:41:58.326Z"}
{"level":"info","message":"Token decoded successfully","timestamp":"2025-06-03T02:41:59.636Z","userId":"683ddaec0d889a4585b9567e"}
{"level":"info","message":"Token decoded successfully","timestamp":"2025-06-03T02:41:59.640Z","userId":"683ddaec0d889a4585b9567e"}
{"level":"info","message":"Token decoded successfully","timestamp":"2025-06-03T02:41:59.644Z","userId":"683ddaec0d889a4585b9567e"}
{"level":"info","message":"Token decoded successfully","timestamp":"2025-06-03T02:41:59.652Z","userId":"683ddaec0d889a4585b9567e"}
{"level":"info","message":"[2025-06-03T02:41:59.666Z] Fetched skills for user 683ddaec0d889a4585b9567e","timestamp":"2025-06-03T02:41:59.666Z"}
{"level":"info","message":"[2025-06-03T02:41:59.673Z] Fetched chart data for user 683ddaec0d889a4585b9567e","timestamp":"2025-06-03T02:41:59.673Z"}
{"level":"info","message":"[2025-06-03T02:41:59.677Z] Fetched skill plan for user 683ddaec0d889a4585b9567e","timestamp":"2025-06-03T02:41:59.677Z"}
{"level":"info","message":"[2025-06-03T02:41:59.683Z] Fetched analytics for user 683ddaec0d889a4585b9567e","timestamp":"2025-06-03T02:41:59.683Z"}
{"level":"info","message":"Token decoded successfully","timestamp":"2025-06-03T02:41:59.688Z","userId":"683ddaec0d889a4585b9567e"}
{"level":"info","message":"Token decoded successfully","timestamp":"2025-06-03T02:41:59.699Z","userId":"683ddaec0d889a4585b9567e"}
{"level":"info","message":"Token decoded successfully","timestamp":"2025-06-03T02:41:59.702Z","userId":"683ddaec0d889a4585b9567e"}
{"level":"info","message":"Token decoded successfully","timestamp":"2025-06-03T02:41:59.707Z","userId":"683ddaec0d889a4585b9567e"}
{"level":"info","message":"[2025-06-03T02:41:59.734Z] Fetched analytics for user 683ddaec0d889a4585b9567e","timestamp":"2025-06-03T02:41:59.734Z"}
{"level":"info","message":"[2025-06-03T02:41:59.739Z] Fetched skills for user 683ddaec0d889a4585b9567e","timestamp":"2025-06-03T02:41:59.740Z"}
{"level":"info","message":"[2025-06-03T02:41:59.751Z] Fetched chart data for user 683ddaec0d889a4585b9567e","timestamp":"2025-06-03T02:41:59.751Z"}
{"level":"info","message":"[2025-06-03T02:41:59.758Z] Fetched skill plan for user 683ddaec0d889a4585b9567e","timestamp":"2025-06-03T02:41:59.758Z"}
{"level":"info","message":"Token decoded successfully","timestamp":"2025-06-03T02:42:17.583Z","userId":"683ddaec0d889a4585b9567e"}
{"level":"error","message":"[2025-06-03T02:42:17.603Z] Skill not found: JavaScript for user 683ddaec0d889a4585b9567e","timestamp":"2025-06-03T02:42:17.603Z"}
{"error":"Skill not found","level":"error","message":"[2025-06-03T02:42:17.605Z] Server error:","stack":"Error: Skill not found\n    at C:\\Users\\aswin\\OneDrive\\Desktop\\ai_project\\backend\\controllers\\skillController.js:103:11\n    at process.processTicksAndRejections (node:internal/process/task_queues:105:5)","timestamp":"2025-06-03T02:42:17.606Z"}
{"level":"info","message":"Token decoded successfully","timestamp":"2025-06-03T02:42:25.191Z","userId":"683ddaec0d889a4585b9567e"}
{"level":"error","message":"[2025-06-03T02:42:25.200Z] Skill not found: Python for user 683ddaec0d889a4585b9567e","timestamp":"2025-06-03T02:42:25.201Z"}
{"error":"Skill not found","level":"error","message":"[2025-06-03T02:42:25.202Z] Server error:","stack":"Error: Skill not found\n    at C:\\Users\\aswin\\OneDrive\\Desktop\\ai_project\\backend\\controllers\\skillController.js:103:11\n    at process.processTicksAndRejections (node:internal/process/task_queues:105:5)","timestamp":"2025-06-03T02:42:25.202Z"}
{"level":"info","message":"Token decoded successfully","timestamp":"2025-06-03T02:42:38.704Z","userId":"683ddaec0d889a4585b9567e"}
{"level":"error","message":"[2025-06-03T02:42:38.714Z] Skill not found: Python for user 683ddaec0d889a4585b9567e","timestamp":"2025-06-03T02:42:38.714Z"}
{"error":"Skill not found","level":"error","message":"[2025-06-03T02:42:38.715Z] Server error:","stack":"Error: Skill not found\n    at C:\\Users\\aswin\\OneDrive\\Desktop\\ai_project\\backend\\controllers\\skillController.js:103:11\n    at process.processTicksAndRejections (node:internal/process/task_queues:105:5)","timestamp":"2025-06-03T02:42:38.716Z"}
{"level":"info","message":"Token decoded successfully","timestamp":"2025-06-03T02:42:45.320Z","userId":"683ddaec0d889a4585b9567e"}
{"level":"error","message":"[2025-06-03T02:42:45.330Z] Skill not found: Python for user 683ddaec0d889a4585b9567e","timestamp":"2025-06-03T02:42:45.330Z"}
{"error":"Skill not found","level":"error","message":"[2025-06-03T02:42:45.332Z] Server error:","stack":"Error: Skill not found\n    at C:\\Users\\aswin\\OneDrive\\Desktop\\ai_project\\backend\\controllers\\skillController.js:103:11\n    at process.processTicksAndRejections (node:internal/process/task_queues:105:5)","timestamp":"2025-06-03T02:42:45.332Z"}
{"level":"info","message":"Token decoded successfully","timestamp":"2025-06-03T02:49:33.173Z","userId":"683ddaec0d889a4585b9567e"}
{"level":"info","message":"Token decoded successfully","timestamp":"2025-06-03T02:49:33.179Z","userId":"683ddaec0d889a4585b9567e"}
{"level":"info","message":"Token decoded successfully","timestamp":"2025-06-03T02:49:33.183Z","userId":"683ddaec0d889a4585b9567e"}
{"level":"info","message":"Token decoded successfully","timestamp":"2025-06-03T02:49:33.186Z","userId":"683ddaec0d889a4585b9567e"}
{"level":"info","message":"[2025-06-03T02:49:33.201Z] Fetched skills for user 683ddaec0d889a4585b9567e","timestamp":"2025-06-03T02:49:33.201Z"}
{"level":"info","message":"[2025-06-03T02:49:33.204Z] Fetched chart data for user 683ddaec0d889a4585b9567e","timestamp":"2025-06-03T02:49:33.204Z"}
{"level":"info","message":"[2025-06-03T02:49:33.206Z] Fetched skill plan for user 683ddaec0d889a4585b9567e","timestamp":"2025-06-03T02:49:33.206Z"}
{"level":"info","message":"[2025-06-03T02:49:33.208Z] Fetched analytics for user 683ddaec0d889a4585b9567e","timestamp":"2025-06-03T02:49:33.208Z"}
{"level":"info","message":"Token decoded successfully","timestamp":"2025-06-03T02:49:33.212Z","userId":"683ddaec0d889a4585b9567e"}
{"level":"info","message":"Token decoded successfully","timestamp":"2025-06-03T02:49:33.216Z","userId":"683ddaec0d889a4585b9567e"}
{"level":"info","message":"Token decoded successfully","timestamp":"2025-06-03T02:49:33.219Z","userId":"683ddaec0d889a4585b9567e"}
{"level":"info","message":"Token decoded successfully","timestamp":"2025-06-03T02:49:33.222Z","userId":"683ddaec0d889a4585b9567e"}
{"level":"info","message":"[2025-06-03T02:49:33.235Z] Fetched skills for user 683ddaec0d889a4585b9567e","timestamp":"2025-06-03T02:49:33.235Z"}
{"level":"info","message":"[2025-06-03T02:49:33.238Z] Fetched chart data for user 683ddaec0d889a4585b9567e","timestamp":"2025-06-03T02:49:33.238Z"}
{"level":"info","message":"[2025-06-03T02:49:33.240Z] Fetched skill plan for user 683ddaec0d889a4585b9567e","timestamp":"2025-06-03T02:49:33.241Z"}
{"level":"info","message":"[2025-06-03T02:49:33.244Z] Fetched analytics for user 683ddaec0d889a4585b9567e","timestamp":"2025-06-03T02:49:33.244Z"}
{"level":"info","message":"Token decoded successfully","timestamp":"2025-06-03T02:49:34.753Z","userId":"683ddaec0d889a4585b9567e"}
{"level":"info","message":"[2025-06-03T02:49:34.758Z] Fetched skills for user 683ddaec0d889a4585b9567e","timestamp":"2025-06-03T02:49:34.758Z"}
{"level":"info","message":"Token decoded successfully","timestamp":"2025-06-03T02:49:34.763Z","userId":"683ddaec0d889a4585b9567e"}
{"level":"info","message":"[2025-06-03T02:49:34.768Z] Fetched skills for user 683ddaec0d889a4585b9567e","timestamp":"2025-06-03T02:49:34.768Z"}
{"level":"info","message":"Token decoded successfully","timestamp":"2025-06-03T02:50:37.166Z","userId":"683ddaec0d889a4585b9567e"}
{"level":"info","message":"Token decoded successfully","timestamp":"2025-06-03T02:50:37.170Z","userId":"683ddaec0d889a4585b9567e"}
{"level":"info","message":"Token decoded successfully","timestamp":"2025-06-03T02:50:37.172Z","userId":"683ddaec0d889a4585b9567e"}
{"level":"info","message":"Token decoded successfully","timestamp":"2025-06-03T02:50:37.175Z","userId":"683ddaec0d889a4585b9567e"}
{"level":"info","message":"[2025-06-03T02:50:37.187Z] Fetched skills for user 683ddaec0d889a4585b9567e","timestamp":"2025-06-03T02:50:37.187Z"}
{"level":"info","message":"[2025-06-03T02:50:37.191Z] Fetched chart data for user 683ddaec0d889a4585b9567e","timestamp":"2025-06-03T02:50:37.191Z"}
{"level":"info","message":"[2025-06-03T02:50:37.272Z] Fetched skill plan for user 683ddaec0d889a4585b9567e","timestamp":"2025-06-03T02:50:37.272Z"}
{"level":"info","message":"[2025-06-03T02:50:37.274Z] Fetched analytics for user 683ddaec0d889a4585b9567e","timestamp":"2025-06-03T02:50:37.274Z"}
{"level":"info","message":"Token decoded successfully","timestamp":"2025-06-03T02:50:37.278Z","userId":"683ddaec0d889a4585b9567e"}
{"level":"info","message":"Token decoded successfully","timestamp":"2025-06-03T02:50:37.363Z","userId":"683ddaec0d889a4585b9567e"}
{"level":"info","message":"Token decoded successfully","timestamp":"2025-06-03T02:50:37.504Z","userId":"683ddaec0d889a4585b9567e"}
{"level":"info","message":"Token decoded successfully","timestamp":"2025-06-03T02:50:37.511Z","userId":"683ddaec0d889a4585b9567e"}
{"level":"info","message":"[2025-06-03T02:50:37.609Z] Fetched skills for user 683ddaec0d889a4585b9567e","timestamp":"2025-06-03T02:50:37.609Z"}
{"level":"info","message":"[2025-06-03T02:50:37.619Z] Fetched analytics for user 683ddaec0d889a4585b9567e","timestamp":"2025-06-03T02:50:37.619Z"}
{"level":"info","message":"[2025-06-03T02:50:37.643Z] Fetched skill plan for user 683ddaec0d889a4585b9567e","timestamp":"2025-06-03T02:50:37.643Z"}
{"level":"info","message":"[2025-06-03T02:50:37.646Z] Fetched chart data for user 683ddaec0d889a4585b9567e","timestamp":"2025-06-03T02:50:37.646Z"}
{"level":"info","message":"Token decoded successfully","timestamp":"2025-06-03T02:51:00.481Z","userId":"683ddaec0d889a4585b9567e"}
{"level":"error","message":"[2025-06-03T02:51:00.487Z] Skill not found: malayalam for user 683ddaec0d889a4585b9567e","timestamp":"2025-06-03T02:51:00.487Z"}
{"error":"Skill not found","level":"error","message":"[2025-06-03T02:51:00.488Z] Server error:","stack":"Error: Skill not found\n    at C:\\Users\\aswin\\OneDrive\\Desktop\\ai_project\\backend\\controllers\\skillController.js:103:11\n    at process.processTicksAndRejections (node:internal/process/task_queues:105:5)","timestamp":"2025-06-03T02:51:00.488Z"}
{"level":"info","message":"Token decoded successfully","timestamp":"2025-06-03T02:55:58.789Z","userId":"683ddaec0d889a4585b9567e"}
{"level":"info","message":"Token decoded successfully","timestamp":"2025-06-03T02:55:58.800Z","userId":"683ddaec0d889a4585b9567e"}
{"level":"info","message":"Token decoded successfully","timestamp":"2025-06-03T02:55:58.806Z","userId":"683ddaec0d889a4585b9567e"}
{"level":"info","message":"Token decoded successfully","timestamp":"2025-06-03T02:55:58.821Z","userId":"683ddaec0d889a4585b9567e"}
{"level":"info","message":"[2025-06-03T02:55:58.830Z] Fetched skills for user 683ddaec0d889a4585b9567e","timestamp":"2025-06-03T02:55:58.830Z"}
{"level":"info","message":"[2025-06-03T02:55:58.839Z] Fetched chart data for user 683ddaec0d889a4585b9567e","timestamp":"2025-06-03T02:55:58.839Z"}
{"level":"info","message":"[2025-06-03T02:55:58.846Z] Fetched skill plan for user 683ddaec0d889a4585b9567e","timestamp":"2025-06-03T02:55:58.846Z"}
{"level":"info","message":"Token decoded successfully","timestamp":"2025-06-03T02:55:58.853Z","userId":"683ddaec0d889a4585b9567e"}
{"level":"info","message":"[2025-06-03T02:55:58.857Z] Fetched analytics for user 683ddaec0d889a4585b9567e","timestamp":"2025-06-03T02:55:58.857Z"}
{"level":"info","message":"Token decoded successfully","timestamp":"2025-06-03T02:55:58.861Z","userId":"683ddaec0d889a4585b9567e"}
{"level":"info","message":"Token decoded successfully","timestamp":"2025-06-03T02:55:58.869Z","userId":"683ddaec0d889a4585b9567e"}
{"level":"info","message":"Token decoded successfully","timestamp":"2025-06-03T02:55:58.872Z","userId":"683ddaec0d889a4585b9567e"}
{"level":"info","message":"[2025-06-03T02:55:58.877Z] Fetched skills for user 683ddaec0d889a4585b9567e","timestamp":"2025-06-03T02:55:58.877Z"}
{"level":"info","message":"[2025-06-03T02:55:58.888Z] Fetched chart data for user 683ddaec0d889a4585b9567e","timestamp":"2025-06-03T02:55:58.888Z"}
{"level":"info","message":"[2025-06-03T02:55:58.890Z] Fetched skill plan for user 683ddaec0d889a4585b9567e","timestamp":"2025-06-03T02:55:58.890Z"}
{"level":"info","message":"[2025-06-03T02:55:58.893Z] Fetched analytics for user 683ddaec0d889a4585b9567e","timestamp":"2025-06-03T02:55:58.893Z"}
{"level":"info","message":"Token decoded successfully","timestamp":"2025-06-03T02:56:04.648Z","userId":"683ddaec0d889a4585b9567e"}
{"level":"info","message":"[2025-06-03T02:56:04.655Z] Fetched skill plan for user 683ddaec0d889a4585b9567e","timestamp":"2025-06-03T02:56:04.655Z"}
{"level":"info","message":"Token decoded successfully","timestamp":"2025-06-03T02:56:08.634Z","userId":"683ddaec0d889a4585b9567e"}
{"level":"info","message":"[2025-06-03T02:56:08.640Z] Fetched skill plan for user 683ddaec0d889a4585b9567e","timestamp":"2025-06-03T02:56:08.640Z"}
{"level":"info","message":"Token decoded successfully","timestamp":"2025-06-03T02:56:14.750Z","userId":"683ddaec0d889a4585b9567e"}
{"level":"info","message":"Token decoded successfully","timestamp":"2025-06-03T02:56:14.756Z","userId":"683ddaec0d889a4585b9567e"}
{"level":"info","message":"[2025-06-03T02:56:14.758Z] Fetched skills for user 683ddaec0d889a4585b9567e","timestamp":"2025-06-03T02:56:14.758Z"}
{"level":"info","message":"[2025-06-03T02:56:14.764Z] Fetched chart data for user 683ddaec0d889a4585b9567e","timestamp":"2025-06-03T02:56:14.764Z"}
{"level":"info","message":"Token decoded successfully","timestamp":"2025-06-03T02:56:14.777Z","userId":"683ddaec0d889a4585b9567e"}
{"level":"info","message":"Token decoded successfully","timestamp":"2025-06-03T02:56:14.787Z","userId":"683ddaec0d889a4585b9567e"}
{"level":"info","message":"Token decoded successfully","timestamp":"2025-06-03T02:56:14.793Z","userId":"683ddaec0d889a4585b9567e"}
{"level":"info","message":"Token decoded successfully","timestamp":"2025-06-03T02:56:14.802Z","userId":"683ddaec0d889a4585b9567e"}
{"level":"info","message":"[2025-06-03T02:56:14.819Z] Fetched skill plan for user 683ddaec0d889a4585b9567e","timestamp":"2025-06-03T02:56:14.819Z"}
{"level":"info","message":"[2025-06-03T02:56:14.822Z] Fetched analytics for user 683ddaec0d889a4585b9567e","timestamp":"2025-06-03T02:56:14.822Z"}
{"level":"info","message":"[2025-06-03T02:56:14.825Z] Fetched skills for user 683ddaec0d889a4585b9567e","timestamp":"2025-06-03T02:56:14.825Z"}
{"level":"info","message":"Token decoded successfully","timestamp":"2025-06-03T02:56:14.832Z","userId":"683ddaec0d889a4585b9567e"}
{"level":"info","message":"[2025-06-03T02:56:14.834Z] Fetched chart data for user 683ddaec0d889a4585b9567e","timestamp":"2025-06-03T02:56:14.834Z"}
{"level":"info","message":"Token decoded successfully","timestamp":"2025-06-03T02:56:14.837Z","userId":"683ddaec0d889a4585b9567e"}
{"level":"info","message":"[2025-06-03T02:56:14.853Z] Fetched analytics for user 683ddaec0d889a4585b9567e","timestamp":"2025-06-03T02:56:14.853Z"}
{"level":"info","message":"[2025-06-03T02:56:14.858Z] Fetched skill plan for user 683ddaec0d889a4585b9567e","timestamp":"2025-06-03T02:56:14.858Z"}
{"level":"info","message":"Token decoded successfully","timestamp":"2025-06-03T02:56:14.880Z","userId":"683ddaec0d889a4585b9567e"}
{"level":"info","message":"[2025-06-03T02:56:14.909Z] Fetched skills for user 683ddaec0d889a4585b9567e","timestamp":"2025-06-03T02:56:14.909Z"}
{"level":"info","message":"Token decoded successfully","timestamp":"2025-06-03T02:56:14.940Z","userId":"683ddaec0d889a4585b9567e"}
{"level":"info","message":"[2025-06-03T02:56:14.957Z] Fetched skills for user 683ddaec0d889a4585b9567e","timestamp":"2025-06-03T02:56:14.957Z"}
{"level":"info","message":"Token decoded successfully","timestamp":"2025-06-03T02:56:20.001Z","userId":"683ddaec0d889a4585b9567e"}
{"level":"info","message":"Token decoded successfully","timestamp":"2025-06-03T02:56:20.006Z","userId":"683ddaec0d889a4585b9567e"}
{"level":"info","message":"Token decoded successfully","timestamp":"2025-06-03T02:56:20.011Z","userId":"683ddaec0d889a4585b9567e"}
{"level":"info","message":"Token decoded successfully","timestamp":"2025-06-03T02:56:20.016Z","userId":"683ddaec0d889a4585b9567e"}
{"level":"info","message":"[2025-06-03T02:56:20.024Z] Fetched skills for user 683ddaec0d889a4585b9567e","timestamp":"2025-06-03T02:56:20.024Z"}
{"level":"info","message":"[2025-06-03T02:56:20.029Z] Fetched chart data for user 683ddaec0d889a4585b9567e","timestamp":"2025-06-03T02:56:20.030Z"}
{"level":"info","message":"[2025-06-03T02:56:20.032Z] Fetched skill plan for user 683ddaec0d889a4585b9567e","timestamp":"2025-06-03T02:56:20.032Z"}
{"level":"info","message":"[2025-06-03T02:56:20.034Z] Fetched analytics for user 683ddaec0d889a4585b9567e","timestamp":"2025-06-03T02:56:20.034Z"}
{"level":"info","message":"Token decoded successfully","timestamp":"2025-06-03T02:56:20.038Z","userId":"683ddaec0d889a4585b9567e"}
{"level":"info","message":"Token decoded successfully","timestamp":"2025-06-03T02:56:20.045Z","userId":"683ddaec0d889a4585b9567e"}
{"level":"info","message":"Token decoded successfully","timestamp":"2025-06-03T02:56:20.049Z","userId":"683ddaec0d889a4585b9567e"}
{"level":"info","message":"Token decoded successfully","timestamp":"2025-06-03T02:56:20.051Z","userId":"683ddaec0d889a4585b9567e"}
{"level":"info","message":"[2025-06-03T02:56:20.063Z] Fetched skill plan for user 683ddaec0d889a4585b9567e","timestamp":"2025-06-03T02:56:20.063Z"}
{"level":"info","message":"[2025-06-03T02:56:20.067Z] Fetched skills for user 683ddaec0d889a4585b9567e","timestamp":"2025-06-03T02:56:20.067Z"}
{"level":"info","message":"[2025-06-03T02:56:20.070Z] Fetched chart data for user 683ddaec0d889a4585b9567e","timestamp":"2025-06-03T02:56:20.070Z"}
{"level":"info","message":"[2025-06-03T02:56:20.072Z] Fetched analytics for user 683ddaec0d889a4585b9567e","timestamp":"2025-06-03T02:56:20.072Z"}
{"level":"info","message":"Token decoded successfully","timestamp":"2025-06-03T03:02:04.780Z","userId":"683ddaec0d889a4585b9567e"}
{"level":"info","message":"Token decoded successfully","timestamp":"2025-06-03T03:02:04.784Z","userId":"683ddaec0d889a4585b9567e"}
{"level":"info","message":"[2025-06-03T03:02:04.795Z] Fetched skills for user 683ddaec0d889a4585b9567e","timestamp":"2025-06-03T03:02:04.795Z"}
{"level":"info","message":"[2025-06-03T03:02:04.798Z] Fetched chart data for user 683ddaec0d889a4585b9567e","timestamp":"2025-06-03T03:02:04.798Z"}
{"level":"info","message":"Token decoded successfully","timestamp":"2025-06-03T03:02:04.801Z","userId":"683ddaec0d889a4585b9567e"}
{"level":"info","message":"Token decoded successfully","timestamp":"2025-06-03T03:02:04.807Z","userId":"683ddaec0d889a4585b9567e"}
{"level":"info","message":"[2025-06-03T03:02:04.812Z] Fetched skill plan for user 683ddaec0d889a4585b9567e","timestamp":"2025-06-03T03:02:04.812Z"}
{"level":"info","message":"Token decoded successfully","timestamp":"2025-06-03T03:02:04.814Z","userId":"683ddaec0d889a4585b9567e"}
{"level":"info","message":"[2025-06-03T03:02:04.821Z] Fetched analytics for user 683ddaec0d889a4585b9567e","timestamp":"2025-06-03T03:02:04.821Z"}
{"level":"info","message":"Token decoded successfully","timestamp":"2025-06-03T03:02:04.826Z","userId":"683ddaec0d889a4585b9567e"}
{"level":"info","message":"Token decoded successfully","timestamp":"2025-06-03T03:02:04.833Z","userId":"683ddaec0d889a4585b9567e"}
{"level":"info","message":"[2025-06-03T03:02:04.837Z] Fetched skills for user 683ddaec0d889a4585b9567e","timestamp":"2025-06-03T03:02:04.837Z"}
{"level":"info","message":"[2025-06-03T03:02:04.841Z] Fetched chart data for user 683ddaec0d889a4585b9567e","timestamp":"2025-06-03T03:02:04.841Z"}
{"level":"info","message":"Token decoded successfully","timestamp":"2025-06-03T03:02:04.846Z","userId":"683ddaec0d889a4585b9567e"}
{"level":"info","message":"[2025-06-03T03:02:04.858Z] Fetched skill plan for user 683ddaec0d889a4585b9567e","timestamp":"2025-06-03T03:02:04.858Z"}
{"level":"info","message":"[2025-06-03T03:02:04.859Z] Fetched analytics for user 683ddaec0d889a4585b9567e","timestamp":"2025-06-03T03:02:04.859Z"}
{"level":"info","message":"Token decoded successfully","timestamp":"2025-06-03T03:02:11.631Z","userId":"683ddaec0d889a4585b9567e"}
{"level":"info","message":"[2025-06-03T03:02:11.642Z] Fetched skill plan for user 683ddaec0d889a4585b9567e","timestamp":"2025-06-03T03:02:11.642Z"}
{"level":"info","message":"Token decoded successfully","timestamp":"2025-06-03T03:02:17.882Z","userId":"683ddaec0d889a4585b9567e"}
{"level":"info","message":"[2025-06-03T03:02:17.889Z] Fetched skill plan for user 683ddaec0d889a4585b9567e","timestamp":"2025-06-03T03:02:17.889Z"}
{"level":"info","message":"Token decoded successfully","timestamp":"2025-06-03T03:02:20.626Z","userId":"683ddaec0d889a4585b9567e"}
{"level":"info","message":"[2025-06-03T03:02:20.633Z] Fetched skill plan for user 683ddaec0d889a4585b9567e","timestamp":"2025-06-03T03:02:20.634Z"}
{"level":"info","message":"Token decoded successfully","timestamp":"2025-06-03T03:02:25.722Z","userId":"683ddaec0d889a4585b9567e"}
{"level":"info","message":"[2025-06-03T03:02:25.728Z] Fetched skills for user 683ddaec0d889a4585b9567e","timestamp":"2025-06-03T03:02:25.728Z"}
{"level":"info","message":"Token decoded successfully","timestamp":"2025-06-03T03:02:25.738Z","userId":"683ddaec0d889a4585b9567e"}
{"level":"info","message":"Token decoded successfully","timestamp":"2025-06-03T03:02:25.741Z","userId":"683ddaec0d889a4585b9567e"}
{"level":"info","message":"Token decoded successfully","timestamp":"2025-06-03T03:02:25.748Z","userId":"683ddaec0d889a4585b9567e"}
{"level":"info","message":"[2025-06-03T03:02:25.763Z] Fetched chart data for user 683ddaec0d889a4585b9567e","timestamp":"2025-06-03T03:02:25.763Z"}
{"level":"info","message":"[2025-06-03T03:02:25.779Z] Fetched skills for user 683ddaec0d889a4585b9567e","timestamp":"2025-06-03T03:02:25.779Z"}
{"level":"info","message":"[2025-06-03T03:02:25.802Z] Fetched skill plan for user 683ddaec0d889a4585b9567e","timestamp":"2025-06-03T03:02:25.802Z"}
{"level":"info","message":"Token decoded successfully","timestamp":"2025-06-03T03:02:25.809Z","userId":"683ddaec0d889a4585b9567e"}
{"level":"info","message":"Token decoded successfully","timestamp":"2025-06-03T03:02:25.813Z","userId":"683ddaec0d889a4585b9567e"}
{"level":"info","message":"Token decoded successfully","timestamp":"2025-06-03T03:02:25.827Z","userId":"683ddaec0d889a4585b9567e"}
{"level":"info","message":"[2025-06-03T03:02:25.834Z] Fetched analytics for user 683ddaec0d889a4585b9567e","timestamp":"2025-06-03T03:02:25.834Z"}
{"level":"info","message":"[2025-06-03T03:02:25.845Z] Fetched chart data for user 683ddaec0d889a4585b9567e","timestamp":"2025-06-03T03:02:25.845Z"}
{"level":"info","message":"Token decoded successfully","timestamp":"2025-06-03T03:02:25.853Z","userId":"683ddaec0d889a4585b9567e"}
{"level":"info","message":"[2025-06-03T03:02:25.859Z] Fetched skill plan for user 683ddaec0d889a4585b9567e","timestamp":"2025-06-03T03:02:25.859Z"}
{"level":"info","message":"[2025-06-03T03:02:25.872Z] Fetched analytics for user 683ddaec0d889a4585b9567e","timestamp":"2025-06-03T03:02:25.872Z"}
{"level":"info","message":"Token decoded successfully","timestamp":"2025-06-03T03:02:25.963Z","userId":"683ddaec0d889a4585b9567e"}
{"level":"info","message":"[2025-06-03T03:02:26.033Z] Fetched skills for user 683ddaec0d889a4585b9567e","timestamp":"2025-06-03T03:02:26.033Z"}
{"level":"info","message":"Token decoded successfully","timestamp":"2025-06-03T03:02:26.043Z","userId":"683ddaec0d889a4585b9567e"}
{"level":"info","message":"[2025-06-03T03:02:26.068Z] Fetched skills for user 683ddaec0d889a4585b9567e","timestamp":"2025-06-03T03:02:26.068Z"}
{"level":"info","message":"[2025-06-03T03:02:41.823Z] ✅ Route /api/auth attached successfully","timestamp":"2025-06-03T03:02:41.824Z"}
{"level":"info","message":"[2025-06-03T03:02:41.826Z] ✅ Route /api/profile attached successfully","timestamp":"2025-06-03T03:02:41.826Z"}
{"level":"info","message":"[2025-06-03T03:02:41.826Z] ✅ Route /api/skills attached successfully","timestamp":"2025-06-03T03:02:41.826Z"}
{"level":"info","message":"[2025-06-03T03:02:41.826Z] ✅ Route /api/tasks attached successfully","timestamp":"2025-06-03T03:02:41.826Z"}
{"level":"info","message":"[2025-06-03T03:02:41.862Z] ✅ MongoDB Connected","timestamp":"2025-06-03T03:02:41.862Z"}
{"level":"info","message":"[2025-06-03T03:02:41.869Z] 🚀 Server running on port 5000","timestamp":"2025-06-03T03:02:41.869Z"}
{"level":"info","message":"Token decoded successfully","timestamp":"2025-06-03T03:02:50.231Z","userId":"683ddaec0d889a4585b9567e"}
{"level":"info","message":"Token decoded successfully","timestamp":"2025-06-03T03:02:50.248Z","userId":"683ddaec0d889a4585b9567e"}
{"level":"info","message":"Token decoded successfully","timestamp":"2025-06-03T03:02:50.254Z","userId":"683ddaec0d889a4585b9567e"}
{"level":"info","message":"Token decoded successfully","timestamp":"2025-06-03T03:02:50.263Z","userId":"683ddaec0d889a4585b9567e"}
{"level":"info","message":"[2025-06-03T03:02:50.302Z] Fetched skills for user 683ddaec0d889a4585b9567e","timestamp":"2025-06-03T03:02:50.302Z"}
{"level":"info","message":"[2025-06-03T03:02:50.308Z] Fetched analytics for user 683ddaec0d889a4585b9567e","timestamp":"2025-06-03T03:02:50.308Z"}
{"level":"info","message":"Token decoded successfully","timestamp":"2025-06-03T03:02:50.315Z","userId":"683ddaec0d889a4585b9567e"}
{"level":"info","message":"Token decoded successfully","timestamp":"2025-06-03T03:02:50.319Z","userId":"683ddaec0d889a4585b9567e"}
{"level":"info","message":"[2025-06-03T03:02:50.342Z] Fetched skill plan for user 683ddaec0d889a4585b9567e","timestamp":"2025-06-03T03:02:50.342Z"}
{"level":"info","message":"[2025-06-03T03:02:50.350Z] Fetched chart data for user 683ddaec0d889a4585b9567e","timestamp":"2025-06-03T03:02:50.350Z"}
{"level":"info","message":"Token decoded successfully","timestamp":"2025-06-03T03:02:50.353Z","userId":"683ddaec0d889a4585b9567e"}
{"level":"info","message":"[2025-06-03T03:02:50.356Z] Fetched skills for user 683ddaec0d889a4585b9567e","timestamp":"2025-06-03T03:02:50.356Z"}
{"level":"info","message":"Token decoded successfully","timestamp":"2025-06-03T03:02:50.361Z","userId":"683ddaec0d889a4585b9567e"}
{"level":"info","message":"[2025-06-03T03:02:50.370Z] Fetched skill plan for user 683ddaec0d889a4585b9567e","timestamp":"2025-06-03T03:02:50.370Z"}
{"level":"info","message":"[2025-06-03T03:02:50.373Z] Fetched analytics for user 683ddaec0d889a4585b9567e","timestamp":"2025-06-03T03:02:50.373Z"}
{"level":"info","message":"[2025-06-03T03:02:50.376Z] Fetched chart data for user 683ddaec0d889a4585b9567e","timestamp":"2025-06-03T03:02:50.376Z"}
{"level":"info","message":"Token decoded successfully","timestamp":"2025-06-03T03:03:06.210Z","userId":"683ddaec0d889a4585b9567e"}
{"level":"info","message":"[2025-06-03T03:03:06.248Z] Skill updated: JavaScript (ID: test-uuid-1234) for user 683ddaec0d889a4585b9567e","timestamp":"2025-06-03T03:03:06.248Z"}
{"level":"info","message":"Token decoded successfully","timestamp":"2025-06-03T03:03:06.255Z","userId":"683ddaec0d889a4585b9567e"}
{"level":"info","message":"[2025-06-03T03:03:06.261Z] Fetched skill plan for user 683ddaec0d889a4585b9567e","timestamp":"2025-06-03T03:03:06.261Z"}
{"level":"info","message":"Token decoded successfully","timestamp":"2025-06-03T03:03:13.229Z","userId":"683ddaec0d889a4585b9567e"}
{"level":"info","message":"[2025-06-03T03:03:13.240Z] Skill updated: JavaScript (ID: test-uuid-1234) for user 683ddaec0d889a4585b9567e","timestamp":"2025-06-03T03:03:13.240Z"}
{"level":"info","message":"Token decoded successfully","timestamp":"2025-06-03T03:03:13.249Z","userId":"683ddaec0d889a4585b9567e"}
{"level":"info","message":"[2025-06-03T03:03:13.255Z] Fetched skill plan for user 683ddaec0d889a4585b9567e","timestamp":"2025-06-03T03:03:13.255Z"}
{"level":"info","message":"Token decoded successfully","timestamp":"2025-06-03T03:03:21.237Z","userId":"683ddaec0d889a4585b9567e"}
{"level":"info","message":"[2025-06-03T03:03:21.246Z] Skill updated: JavaScript (ID: test-uuid-1234) for user 683ddaec0d889a4585b9567e","timestamp":"2025-06-03T03:03:21.246Z"}
{"level":"info","message":"Token decoded successfully","timestamp":"2025-06-03T03:03:21.254Z","userId":"683ddaec0d889a4585b9567e"}
{"level":"info","message":"[2025-06-03T03:03:21.259Z] Fetched skill plan for user 683ddaec0d889a4585b9567e","timestamp":"2025-06-03T03:03:21.259Z"}
{"level":"info","message":"[2025-06-21T06:28:05.033Z] ✅ Route /api/auth attached successfully","timestamp":"2025-06-21T06:28:05.040Z"}
{"level":"info","message":"[2025-06-21T06:28:05.087Z] ✅ Route /api/profile attached successfully","timestamp":"2025-06-21T06:28:05.088Z"}
{"level":"info","message":"[2025-06-21T06:28:05.100Z] ✅ Route /api/skills attached successfully","timestamp":"2025-06-21T06:28:05.100Z"}
{"level":"info","message":"[2025-06-21T06:28:05.139Z] ✅ Route /api/tasks attached successfully","timestamp":"2025-06-21T06:28:05.139Z"}
{"level":"info","message":"[2025-06-21T06:28:07.198Z] ✅ MongoDB Connected","timestamp":"2025-06-21T06:28:07.198Z"}
{"level":"info","message":"[2025-06-21T06:28:10.163Z] 🚀 Server running on port 5000","timestamp":"2025-06-21T06:28:10.163Z"}
{"level":"info","message":"[2025-06-21T06:35:49.592Z] ✅ Route /api/auth attached successfully","timestamp":"2025-06-21T06:35:49.594Z"}
{"level":"info","message":"[2025-06-21T06:35:49.611Z] ✅ Route /api/profile attached successfully","timestamp":"2025-06-21T06:35:49.611Z"}
{"level":"info","message":"[2025-06-21T06:35:49.629Z] ✅ Route /api/skills attached successfully","timestamp":"2025-06-21T06:35:49.630Z"}
{"level":"info","message":"[2025-06-21T06:35:49.633Z] ✅ Route /api/tasks attached successfully","timestamp":"2025-06-21T06:35:49.633Z"}
{"level":"info","message":"[2025-06-21T06:35:49.834Z] ✅ MongoDB Connected","timestamp":"2025-06-21T06:35:49.834Z"}
{"level":"info","message":"[2025-06-21T06:35:49.849Z] 🚀 Server running on port 5000","timestamp":"2025-06-21T06:35:49.849Z"}
{"level":"info","message":"[2025-06-21T06:36:34.196Z] ✅ Route /api/auth attached successfully","timestamp":"2025-06-21T06:36:34.197Z"}
{"level":"info","message":"[2025-06-21T06:36:34.200Z] ✅ Route /api/profile attached successfully","timestamp":"2025-06-21T06:36:34.200Z"}
{"level":"info","message":"[2025-06-21T06:36:34.201Z] ✅ Route /api/skills attached successfully","timestamp":"2025-06-21T06:36:34.201Z"}
{"level":"info","message":"[2025-06-21T06:36:34.202Z] ✅ Route /api/tasks attached successfully","timestamp":"2025-06-21T06:36:34.202Z"}
{"level":"info","message":"[2025-06-21T06:36:34.249Z] ✅ MongoDB Connected","timestamp":"2025-06-21T06:36:34.249Z"}
{"level":"info","message":"[2025-06-21T06:36:34.255Z] 🚀 Server running on port 5000","timestamp":"2025-06-21T06:36:34.255Z"}
{"error":"invalid signature","level":"error","message":"Token verification failed","timestamp":"2025-06-21T06:40:04.865Z"}
{"error":"Unauthorized: Invalid token","level":"error","message":"[2025-06-21T06:40:04.870Z] Server error:","stack":"Error: Unauthorized: Invalid token\n    at C:\\Users\\aswin\\OneDrive\\Desktop\\ai_project\\backend\\middleware\\authMiddleware.js:39:13\n    at asyncUtilWrap (C:\\Users\\aswin\\OneDrive\\Desktop\\ai_project\\backend\\node_modules\\express-async-handler\\index.js:3:20)\n    at Layer.handle [as handle_request] (C:\\Users\\aswin\\OneDrive\\Desktop\\ai_project\\backend\\node_modules\\express\\lib\\router\\layer.js:95:5)\n    at next (C:\\Users\\aswin\\OneDrive\\Desktop\\ai_project\\backend\\node_modules\\express\\lib\\router\\route.js:149:13)\n    at Route.dispatch (C:\\Users\\aswin\\OneDrive\\Desktop\\ai_project\\backend\\node_modules\\express\\lib\\router\\route.js:119:3)\n    at Layer.handle [as handle_request] (C:\\Users\\aswin\\OneDrive\\Desktop\\ai_project\\backend\\node_modules\\express\\lib\\router\\layer.js:95:5)\n    at C:\\Users\\aswin\\OneDrive\\Desktop\\ai_project\\backend\\node_modules\\express\\lib\\router\\index.js:284:15\n    at Function.process_params (C:\\Users\\aswin\\OneDrive\\Desktop\\ai_project\\backend\\node_modules\\express\\lib\\router\\index.js:346:12)\n    at next (C:\\Users\\aswin\\OneDrive\\Desktop\\ai_project\\backend\\node_modules\\express\\lib\\router\\index.js:280:10)\n    at Function.handle (C:\\Users\\aswin\\OneDrive\\Desktop\\ai_project\\backend\\node_modules\\express\\lib\\router\\index.js:175:3)","timestamp":"2025-06-21T06:40:04.870Z"}
{"error":"invalid signature","level":"error","message":"Token verification failed","timestamp":"2025-06-21T06:40:04.888Z"}
{"error":"Unauthorized: Invalid token","level":"error","message":"[2025-06-21T06:40:04.892Z] Server error:","stack":"Error: Unauthorized: Invalid token\n    at C:\\Users\\aswin\\OneDrive\\Desktop\\ai_project\\backend\\middleware\\authMiddleware.js:39:13\n    at asyncUtilWrap (C:\\Users\\aswin\\OneDrive\\Desktop\\ai_project\\backend\\node_modules\\express-async-handler\\index.js:3:20)\n    at Layer.handle [as handle_request] (C:\\Users\\aswin\\OneDrive\\Desktop\\ai_project\\backend\\node_modules\\express\\lib\\router\\layer.js:95:5)\n    at next (C:\\Users\\aswin\\OneDrive\\Desktop\\ai_project\\backend\\node_modules\\express\\lib\\router\\route.js:149:13)\n    at Route.dispatch (C:\\Users\\aswin\\OneDrive\\Desktop\\ai_project\\backend\\node_modules\\express\\lib\\router\\route.js:119:3)\n    at Layer.handle [as handle_request] (C:\\Users\\aswin\\OneDrive\\Desktop\\ai_project\\backend\\node_modules\\express\\lib\\router\\layer.js:95:5)\n    at C:\\Users\\aswin\\OneDrive\\Desktop\\ai_project\\backend\\node_modules\\express\\lib\\router\\index.js:284:15\n    at Function.process_params (C:\\Users\\aswin\\OneDrive\\Desktop\\ai_project\\backend\\node_modules\\express\\lib\\router\\index.js:346:12)\n    at next (C:\\Users\\aswin\\OneDrive\\Desktop\\ai_project\\backend\\node_modules\\express\\lib\\router\\index.js:280:10)\n    at Function.handle (C:\\Users\\aswin\\OneDrive\\Desktop\\ai_project\\backend\\node_modules\\express\\lib\\router\\index.js:175:3)","timestamp":"2025-06-21T06:40:04.892Z"}
{"level":"info","message":"Token decoded successfully","timestamp":"2025-06-21T06:42:17.421Z","userId":"685646e5cc0deff29d3c83ea"}
{"level":"info","message":"[2025-06-21T06:42:17.444Z] Fetched skills for user 685646e5cc0deff29d3c83ea","timestamp":"2025-06-21T06:42:17.445Z"}
{"level":"info","message":"Token decoded successfully","timestamp":"2025-06-21T06:42:17.453Z","userId":"685646e5cc0deff29d3c83ea"}
{"level":"info","message":"[2025-06-21T06:42:17.464Z] Fetched skills for user 685646e5cc0deff29d3c83ea","timestamp":"2025-06-21T06:42:17.464Z"}
{"level":"info","message":"Token decoded successfully","timestamp":"2025-06-21T06:44:15.684Z","userId":"685646e5cc0deff29d3c83ea"}
{"level":"info","message":"[2025-06-21T06:44:15.691Z] Fetched skills for user 685646e5cc0deff29d3c83ea","timestamp":"2025-06-21T06:44:15.691Z"}
{"level":"info","message":"Token decoded successfully","timestamp":"2025-06-21T06:44:15.709Z","userId":"685646e5cc0deff29d3c83ea"}
{"level":"info","message":"[2025-06-21T06:44:15.720Z] Fetched skills for user 685646e5cc0deff29d3c83ea","timestamp":"2025-06-21T06:44:15.721Z"}
{"level":"info","message":"Token decoded successfully","timestamp":"2025-06-21T07:04:27.553Z","userId":"685646e5cc0deff29d3c83ea"}
{"level":"info","message":"[2025-06-21T07:04:27.566Z] Fetched skills for user 685646e5cc0deff29d3c83ea","timestamp":"2025-06-21T07:04:27.567Z"}
{"level":"info","message":"Token decoded successfully","timestamp":"2025-06-21T07:04:27.573Z","userId":"685646e5cc0deff29d3c83ea"}
{"level":"info","message":"[2025-06-21T07:04:27.589Z] Fetched skills for user 685646e5cc0deff29d3c83ea","timestamp":"2025-06-21T07:04:27.590Z"}
{"level":"info","message":"Token decoded successfully","timestamp":"2025-06-21T07:04:58.909Z","userId":"685646e5cc0deff29d3c83ea"}
{"level":"info","message":"Token decoded successfully","timestamp":"2025-06-21T07:04:58.920Z","userId":"685646e5cc0deff29d3c83ea"}
{"level":"info","message":"Token decoded successfully","timestamp":"2025-06-21T07:04:58.928Z","userId":"685646e5cc0deff29d3c83ea"}
{"level":"info","message":"Token decoded successfully","timestamp":"2025-06-21T07:04:58.935Z","userId":"685646e5cc0deff29d3c83ea"}
{"level":"info","message":"[2025-06-21T07:04:58.970Z] Fetched analytics for user 685646e5cc0deff29d3c83ea","timestamp":"2025-06-21T07:04:58.970Z"}
{"level":"info","message":"[2025-06-21T07:04:58.994Z] Fetched skills for user 685646e5cc0deff29d3c83ea","timestamp":"2025-06-21T07:04:58.994Z"}
{"level":"info","message":"Token decoded successfully","timestamp":"2025-06-21T07:04:59.034Z","userId":"685646e5cc0deff29d3c83ea"}
{"level":"info","message":"Token decoded successfully","timestamp":"2025-06-21T07:04:59.043Z","userId":"685646e5cc0deff29d3c83ea"}
{"level":"info","message":"[2025-06-21T07:04:59.053Z] Fetched skill plan for user 685646e5cc0deff29d3c83ea","timestamp":"2025-06-21T07:04:59.053Z"}
{"level":"info","message":"[2025-06-21T07:04:59.073Z] Fetched analytics for user 685646e5cc0deff29d3c83ea","timestamp":"2025-06-21T07:04:59.073Z"}
{"level":"info","message":"[2025-06-21T07:04:59.077Z] Fetched skills for user 685646e5cc0deff29d3c83ea","timestamp":"2025-06-21T07:04:59.077Z"}
{"level":"info","message":"[2025-06-21T07:04:59.085Z] Fetched chart data for user 685646e5cc0deff29d3c83ea","timestamp":"2025-06-21T07:04:59.085Z"}
{"level":"info","message":"Token decoded successfully","timestamp":"2025-06-21T07:04:59.103Z","userId":"685646e5cc0deff29d3c83ea"}
{"level":"info","message":"Token decoded successfully","timestamp":"2025-06-21T07:04:59.107Z","userId":"685646e5cc0deff29d3c83ea"}
{"level":"info","message":"[2025-06-21T07:04:59.117Z] Fetched skill plan for user 685646e5cc0deff29d3c83ea","timestamp":"2025-06-21T07:04:59.117Z"}
{"level":"info","message":"[2025-06-21T07:04:59.133Z] Fetched chart data for user 685646e5cc0deff29d3c83ea","timestamp":"2025-06-21T07:04:59.133Z"}
{"level":"info","message":"[2025-06-21T07:13:31.473Z] ✅ Route /api/auth attached successfully","timestamp":"2025-06-21T07:13:31.477Z"}
{"level":"info","message":"[2025-06-21T07:13:31.496Z] ✅ Route /api/profile attached successfully","timestamp":"2025-06-21T07:13:31.496Z"}
{"level":"info","message":"[2025-06-21T07:13:31.502Z] ✅ Route /api/skills attached successfully","timestamp":"2025-06-21T07:13:31.502Z"}
{"level":"info","message":"[2025-06-21T07:13:31.578Z] ✅ Route /api/tasks attached successfully","timestamp":"2025-06-21T07:13:31.579Z"}
{"level":"info","message":"[2025-06-21T07:13:31.719Z] ✅ MongoDB Connected","timestamp":"2025-06-21T07:13:31.719Z"}
{"level":"info","message":"[2025-06-21T07:13:31.742Z] 🚀 Server running on port 5000","timestamp":"2025-06-21T07:13:31.742Z"}
{"level":"info","message":"Token decoded successfully","timestamp":"2025-06-21T07:15:35.835Z","userId":"685646e5cc0deff29d3c83ea"}
{"level":"info","message":"Token decoded successfully","timestamp":"2025-06-21T07:15:35.840Z","userId":"685646e5cc0deff29d3c83ea"}
{"level":"info","message":"Token decoded successfully","timestamp":"2025-06-21T07:15:35.845Z","userId":"685646e5cc0deff29d3c83ea"}
{"level":"info","message":"Token decoded successfully","timestamp":"2025-06-21T07:15:35.850Z","userId":"685646e5cc0deff29d3c83ea"}
{"level":"info","message":"[2025-06-21T07:15:35.865Z] Fetched chart data for user 685646e5cc0deff29d3c83ea","timestamp":"2025-06-21T07:15:35.865Z"}
{"level":"info","message":"[2025-06-21T07:15:35.868Z] Fetched skill plan for user 685646e5cc0deff29d3c83ea","timestamp":"2025-06-21T07:15:35.868Z"}
{"level":"info","message":"Token decoded successfully","timestamp":"2025-06-21T07:15:35.874Z","userId":"685646e5cc0deff29d3c83ea"}
{"level":"info","message":"Token decoded successfully","timestamp":"2025-06-21T07:15:35.882Z","userId":"685646e5cc0deff29d3c83ea"}
{"level":"info","message":"[2025-06-21T07:15:35.898Z] Fetched analytics for user 685646e5cc0deff29d3c83ea","timestamp":"2025-06-21T07:15:35.898Z"}
{"level":"info","message":"[2025-06-21T07:15:35.900Z] Fetched skills for user 685646e5cc0deff29d3c83ea","timestamp":"2025-06-21T07:15:35.901Z"}
{"level":"info","message":"[2025-06-21T07:15:35.904Z] Fetched chart data for user 685646e5cc0deff29d3c83ea","timestamp":"2025-06-21T07:15:35.904Z"}
{"level":"info","message":"Token decoded successfully","timestamp":"2025-06-21T07:15:35.914Z","userId":"685646e5cc0deff29d3c83ea"}
{"level":"info","message":"Token decoded successfully","timestamp":"2025-06-21T07:15:35.920Z","userId":"685646e5cc0deff29d3c83ea"}
{"level":"info","message":"[2025-06-21T07:15:35.923Z] Fetched skill plan for user 685646e5cc0deff29d3c83ea","timestamp":"2025-06-21T07:15:35.923Z"}
{"level":"info","message":"[2025-06-21T07:15:35.933Z] Fetched analytics for user 685646e5cc0deff29d3c83ea","timestamp":"2025-06-21T07:15:35.933Z"}
{"level":"info","message":"[2025-06-21T07:15:35.936Z] Fetched skills for user 685646e5cc0deff29d3c83ea","timestamp":"2025-06-21T07:15:35.936Z"}
{"level":"info","message":"Token decoded successfully","timestamp":"2025-06-21T07:16:18.139Z","userId":"685646e5cc0deff29d3c83ea"}
{"level":"info","message":"[2025-06-21T07:16:18.152Z] Fetched skills for user 685646e5cc0deff29d3c83ea","timestamp":"2025-06-21T07:16:18.152Z"}
{"level":"info","message":"Token decoded successfully","timestamp":"2025-06-21T07:16:18.159Z","userId":"685646e5cc0deff29d3c83ea"}
{"level":"info","message":"[2025-06-21T07:16:18.167Z] Fetched skills for user 685646e5cc0deff29d3c83ea","timestamp":"2025-06-21T07:16:18.168Z"}
{"level":"info","message":"Token decoded successfully","timestamp":"2025-06-21T07:16:21.208Z","userId":"685646e5cc0deff29d3c83ea"}
{"level":"info","message":"Token decoded successfully","timestamp":"2025-06-21T07:16:21.212Z","userId":"685646e5cc0deff29d3c83ea"}
{"level":"info","message":"Token decoded successfully","timestamp":"2025-06-21T07:16:21.223Z","userId":"685646e5cc0deff29d3c83ea"}
{"level":"info","message":"Token decoded successfully","timestamp":"2025-06-21T07:16:21.229Z","userId":"685646e5cc0deff29d3c83ea"}
{"level":"info","message":"[2025-06-21T07:16:21.235Z] Fetched skills for user 685646e5cc0deff29d3c83ea","timestamp":"2025-06-21T07:16:21.235Z"}
{"level":"info","message":"[2025-06-21T07:16:21.239Z] Fetched chart data for user 685646e5cc0deff29d3c83ea","timestamp":"2025-06-21T07:16:21.239Z"}
{"level":"info","message":"[2025-06-21T07:16:21.250Z] Fetched skill plan for user 685646e5cc0deff29d3c83ea","timestamp":"2025-06-21T07:16:21.250Z"}
{"level":"info","message":"[2025-06-21T07:16:21.255Z] Fetched analytics for user 685646e5cc0deff29d3c83ea","timestamp":"2025-06-21T07:16:21.255Z"}
{"level":"info","message":"Token decoded successfully","timestamp":"2025-06-21T07:16:21.259Z","userId":"685646e5cc0deff29d3c83ea"}
{"level":"info","message":"Token decoded successfully","timestamp":"2025-06-21T07:16:21.265Z","userId":"685646e5cc0deff29d3c83ea"}
{"level":"info","message":"Token decoded successfully","timestamp":"2025-06-21T07:16:21.272Z","userId":"685646e5cc0deff29d3c83ea"}
{"level":"info","message":"Token decoded successfully","timestamp":"2025-06-21T07:16:21.278Z","userId":"685646e5cc0deff29d3c83ea"}
{"level":"info","message":"[2025-06-21T07:16:21.299Z] Fetched skills for user 685646e5cc0deff29d3c83ea","timestamp":"2025-06-21T07:16:21.299Z"}
{"level":"info","message":"[2025-06-21T07:16:21.326Z] Fetched analytics for user 685646e5cc0deff29d3c83ea","timestamp":"2025-06-21T07:16:21.326Z"}
{"level":"info","message":"[2025-06-21T07:16:21.328Z] Fetched chart data for user 685646e5cc0deff29d3c83ea","timestamp":"2025-06-21T07:16:21.328Z"}
{"level":"info","message":"[2025-06-21T07:16:21.334Z] Fetched skill plan for user 685646e5cc0deff29d3c83ea","timestamp":"2025-06-21T07:16:21.334Z"}
{"level":"info","message":"Token decoded successfully","timestamp":"2025-06-21T07:17:17.408Z","userId":"685646e5cc0deff29d3c83ea"}
{"level":"info","message":"[2025-06-21T07:17:17.454Z] Fetched skills for user 685646e5cc0deff29d3c83ea","timestamp":"2025-06-21T07:17:17.454Z"}
{"level":"info","message":"Token decoded successfully","timestamp":"2025-06-21T07:17:17.504Z","userId":"685646e5cc0deff29d3c83ea"}
{"level":"info","message":"Token decoded successfully","timestamp":"2025-06-21T07:17:17.524Z","userId":"685646e5cc0deff29d3c83ea"}
{"level":"info","message":"Token decoded successfully","timestamp":"2025-06-21T07:17:17.538Z","userId":"685646e5cc0deff29d3c83ea"}
{"level":"info","message":"Token decoded successfully","timestamp":"2025-06-21T07:17:17.554Z","userId":"685646e5cc0deff29d3c83ea"}
{"level":"info","message":"[2025-06-21T07:17:17.567Z] Fetched analytics for user 685646e5cc0deff29d3c83ea","timestamp":"2025-06-21T07:17:17.567Z"}
{"level":"info","message":"[2025-06-21T07:17:17.608Z] Fetched chart data for user 685646e5cc0deff29d3c83ea","timestamp":"2025-06-21T07:17:17.608Z"}
{"level":"info","message":"[2025-06-21T07:17:17.648Z] Fetched skill plan for user 685646e5cc0deff29d3c83ea","timestamp":"2025-06-21T07:17:17.648Z"}
{"level":"info","message":"[2025-06-21T07:17:17.656Z] Fetched skills for user 685646e5cc0deff29d3c83ea","timestamp":"2025-06-21T07:17:17.656Z"}
{"level":"info","message":"Token decoded successfully","timestamp":"2025-06-21T07:17:17.693Z","userId":"685646e5cc0deff29d3c83ea"}
{"level":"info","message":"Token decoded successfully","timestamp":"2025-06-21T07:17:17.736Z","userId":"685646e5cc0deff29d3c83ea"}
{"level":"info","message":"Token decoded successfully","timestamp":"2025-06-21T07:17:17.742Z","userId":"685646e5cc0deff29d3c83ea"}
{"level":"info","message":"[2025-06-21T07:17:17.755Z] Fetched analytics for user 685646e5cc0deff29d3c83ea","timestamp":"2025-06-21T07:17:17.755Z"}
{"level":"info","message":"[2025-06-21T07:17:17.763Z] Fetched chart data for user 685646e5cc0deff29d3c83ea","timestamp":"2025-06-21T07:17:17.763Z"}
{"level":"info","message":"[2025-06-21T07:17:17.768Z] Fetched skill plan for user 685646e5cc0deff29d3c83ea","timestamp":"2025-06-21T07:17:17.768Z"}
{"level":"info","message":"[2025-06-22T07:44:40.220Z] ✅ Route /api/auth attached successfully","timestamp":"2025-06-22T07:44:40.221Z"}
{"level":"info","message":"[2025-06-22T07:44:40.225Z] ✅ Route /api/profile attached successfully","timestamp":"2025-06-22T07:44:40.225Z"}
{"level":"info","message":"[2025-06-22T07:44:40.226Z] ✅ Route /api/skills attached successfully","timestamp":"2025-06-22T07:44:40.226Z"}
{"level":"info","message":"[2025-06-22T07:44:40.226Z] ✅ Route /api/tasks attached successfully","timestamp":"2025-06-22T07:44:40.226Z"}
{"level":"info","message":"[2025-06-22T07:44:40.315Z] ✅ MongoDB Connected","timestamp":"2025-06-22T07:44:40.315Z"}
{"level":"info","message":"[2025-06-22T07:44:40.323Z] 🚀 Server running on port 5000","timestamp":"2025-06-22T07:44:40.323Z"}
{"level":"info","message":"Token decoded successfully","timestamp":"2025-06-22T07:45:04.568Z","userId":"685646e5cc0deff29d3c83ea"}
{"level":"info","message":"[2025-06-22T07:45:04.582Z] Fetched skills for user 685646e5cc0deff29d3c83ea","timestamp":"2025-06-22T07:45:04.583Z"}
{"level":"info","message":"Token decoded successfully","timestamp":"2025-06-22T07:45:04.589Z","userId":"685646e5cc0deff29d3c83ea"}
{"level":"info","message":"[2025-06-22T07:45:04.601Z] Fetched skills for user 685646e5cc0deff29d3c83ea","timestamp":"2025-06-22T07:45:04.601Z"}
{"level":"info","message":"Token decoded successfully","timestamp":"2025-06-22T07:45:10.330Z","userId":"685646e5cc0deff29d3c83ea"}
{"level":"info","message":"Token decoded successfully","timestamp":"2025-06-22T07:45:10.339Z","userId":"685646e5cc0deff29d3c83ea"}
{"level":"info","message":"Token decoded successfully","timestamp":"2025-06-22T07:45:10.344Z","userId":"685646e5cc0deff29d3c83ea"}
{"level":"info","message":"Token decoded successfully","timestamp":"2025-06-22T07:45:10.355Z","userId":"685646e5cc0deff29d3c83ea"}
{"level":"info","message":"[2025-06-22T07:45:10.358Z] Fetched chart data for user 685646e5cc0deff29d3c83ea","timestamp":"2025-06-22T07:45:10.358Z"}
{"level":"info","message":"Token decoded successfully","timestamp":"2025-06-22T07:45:10.371Z","userId":"685646e5cc0deff29d3c83ea"}
{"level":"info","message":"[2025-06-22T07:45:10.375Z] Fetched skills for user 685646e5cc0deff29d3c83ea","timestamp":"2025-06-22T07:45:10.375Z"}
{"level":"info","message":"[2025-06-22T07:45:10.379Z] Fetched skill plan for user 685646e5cc0deff29d3c83ea","timestamp":"2025-06-22T07:45:10.379Z"}
{"level":"info","message":"Token decoded successfully","timestamp":"2025-06-22T07:45:10.390Z","userId":"685646e5cc0deff29d3c83ea"}
{"level":"info","message":"Token decoded successfully","timestamp":"2025-06-22T07:45:10.394Z","userId":"685646e5cc0deff29d3c83ea"}
{"level":"info","message":"[2025-06-22T07:45:10.397Z] Fetched analytics for user 685646e5cc0deff29d3c83ea","timestamp":"2025-06-22T07:45:10.397Z"}
{"level":"info","message":"[2025-06-22T07:45:10.405Z] Fetched skill plan for user 685646e5cc0deff29d3c83ea","timestamp":"2025-06-22T07:45:10.405Z"}
{"level":"info","message":"Token decoded successfully","timestamp":"2025-06-22T07:45:10.413Z","userId":"685646e5cc0deff29d3c83ea"}
{"level":"info","message":"[2025-06-22T07:45:10.417Z] Fetched skills for user 685646e5cc0deff29d3c83ea","timestamp":"2025-06-22T07:45:10.417Z"}
{"level":"info","message":"[2025-06-22T07:45:10.420Z] Fetched chart data for user 685646e5cc0deff29d3c83ea","timestamp":"2025-06-22T07:45:10.420Z"}
{"level":"info","message":"[2025-06-22T07:45:10.425Z] Fetched analytics for user 685646e5cc0deff29d3c83ea","timestamp":"2025-06-22T07:45:10.425Z"}
{"level":"info","message":"Token decoded successfully","timestamp":"2025-06-22T07:45:19.495Z","userId":"685646e5cc0deff29d3c83ea"}
{"level":"info","message":"[2025-06-22T07:45:19.501Z] Fetched skills for user 685646e5cc0deff29d3c83ea","timestamp":"2025-06-22T07:45:19.501Z"}
{"level":"info","message":"Token decoded successfully","timestamp":"2025-06-22T07:45:19.505Z","userId":"685646e5cc0deff29d3c83ea"}
{"level":"info","message":"[2025-06-22T07:45:19.512Z] Fetched skills for user 685646e5cc0deff29d3c83ea","timestamp":"2025-06-22T07:45:19.512Z"}
{"level":"info","message":"[2025-06-22T07:51:05.626Z] ✅ Route /api/auth attached successfully","timestamp":"2025-06-22T07:51:05.627Z"}
{"level":"info","message":"[2025-06-22T07:51:05.629Z] ✅ Route /api/profile attached successfully","timestamp":"2025-06-22T07:51:05.629Z"}
{"level":"info","message":"[2025-06-22T07:51:05.630Z] ✅ Route /api/skills attached successfully","timestamp":"2025-06-22T07:51:05.630Z"}
{"level":"info","message":"[2025-06-22T07:51:05.630Z] ✅ Route /api/tasks attached successfully","timestamp":"2025-06-22T07:51:05.630Z"}
{"level":"info","message":"[2025-06-22T07:51:05.631Z] ✅ Route /api/users attached successfully","timestamp":"2025-06-22T07:51:05.631Z"}
{"level":"info","message":"[2025-06-22T07:51:05.631Z] ✅ Route /api/analytics attached successfully","timestamp":"2025-06-22T07:51:05.631Z"}
{"level":"info","message":"[2025-06-22T07:51:05.631Z] MongoDB URI: mongodb://127.0.0.1:27017/learno_db","timestamp":"2025-06-22T07:51:05.631Z"}
{"level":"info","message":"[2025-06-22T07:51:05.667Z] ✅ MongoDB Connected","timestamp":"2025-06-22T07:51:05.667Z"}
{"level":"info","message":"[2025-06-22T07:51:05.671Z] 🚀 Server running on port 5000","timestamp":"2025-06-22T07:51:05.671Z"}
{"level":"info","message":"Token decoded successfully","timestamp":"2025-06-22T07:51:31.943Z","userId":"685646e5cc0deff29d3c83ea"}
{"level":"info","message":"Token decoded successfully","timestamp":"2025-06-22T07:52:12.431Z","userId":"685646e5cc0deff29d3c83ea"}
{"level":"info","message":"Token decoded successfully","timestamp":"2025-06-22T07:59:26.476Z","userId":"685646e5cc0deff29d3c83ea"}
{"level":"info","message":"Token decoded successfully","timestamp":"2025-06-22T08:01:17.453Z","userId":"685646e5cc0deff29d3c83ea"}
{"level":"info","message":"Token decoded successfully","timestamp":"2025-06-22T08:01:17.459Z","userId":"685646e5cc0deff29d3c83ea"}
{"level":"info","message":"Token decoded successfully","timestamp":"2025-06-22T08:01:17.469Z","userId":"685646e5cc0deff29d3c83ea"}
{"level":"info","message":"Token decoded successfully","timestamp":"2025-06-22T08:01:17.473Z","userId":"685646e5cc0deff29d3c83ea"}
{"level":"info","message":"[2025-06-22T08:01:17.516Z] Fetched skills for user 685646e5cc0deff29d3c83ea","timestamp":"2025-06-22T08:01:17.516Z"}
{"level":"info","message":"[2025-06-22T08:01:17.550Z] Fetched analytics for user 685646e5cc0deff29d3c83ea","timestamp":"2025-06-22T08:01:17.550Z"}
{"level":"info","message":"Token decoded successfully","timestamp":"2025-06-22T08:01:17.559Z","userId":"685646e5cc0deff29d3c83ea"}
{"level":"info","message":"Token decoded successfully","timestamp":"2025-06-22T08:01:17.567Z","userId":"685646e5cc0deff29d3c83ea"}
{"level":"info","message":"[2025-06-22T08:01:17.580Z] Fetched skill plan for user 685646e5cc0deff29d3c83ea","timestamp":"2025-06-22T08:01:17.580Z"}
{"level":"info","message":"[2025-06-22T08:01:17.586Z] Fetched chart data for user 685646e5cc0deff29d3c83ea","timestamp":"2025-06-22T08:01:17.586Z"}
{"level":"info","message":"Token decoded successfully","timestamp":"2025-06-22T08:01:17.599Z","userId":"685646e5cc0deff29d3c83ea"}
{"level":"info","message":"Token decoded successfully","timestamp":"2025-06-22T08:01:17.604Z","userId":"685646e5cc0deff29d3c83ea"}
{"level":"info","message":"[2025-06-22T08:01:17.609Z] Fetched skills for user 685646e5cc0deff29d3c83ea","timestamp":"2025-06-22T08:01:17.609Z"}
{"level":"info","message":"[2025-06-22T08:01:17.659Z] Fetched skill plan for user 685646e5cc0deff29d3c83ea","timestamp":"2025-06-22T08:01:17.659Z"}
{"level":"info","message":"[2025-06-22T08:01:17.663Z] Fetched chart data for user 685646e5cc0deff29d3c83ea","timestamp":"2025-06-22T08:01:17.663Z"}
{"level":"info","message":"[2025-06-22T08:01:17.667Z] Fetched analytics for user 685646e5cc0deff29d3c83ea","timestamp":"2025-06-22T08:01:17.667Z"}
{"level":"info","message":"Token decoded successfully","timestamp":"2025-06-22T08:23:45.179Z","userId":"685646e5cc0deff29d3c83ea"}
{"level":"info","message":"[2025-06-22T08:23:45.206Z] Fetched skills for user 685646e5cc0deff29d3c83ea","timestamp":"2025-06-22T08:23:45.207Z"}
{"level":"info","message":"Token decoded successfully","timestamp":"2025-06-22T08:23:45.220Z","userId":"685646e5cc0deff29d3c83ea"}
{"level":"info","message":"[2025-06-22T08:23:45.232Z] Fetched skills for user 685646e5cc0deff29d3c83ea","timestamp":"2025-06-22T08:23:45.232Z"}
{"level":"info","message":"[2025-06-22T09:41:34.716Z] ✅ Route /api/auth attached successfully","timestamp":"2025-06-22T09:41:34.717Z"}
{"level":"info","message":"[2025-06-22T09:41:34.720Z] ✅ Route /api/profile attached successfully","timestamp":"2025-06-22T09:41:34.720Z"}
{"level":"info","message":"[2025-06-22T09:41:34.720Z] ✅ Route /api/skills attached successfully","timestamp":"2025-06-22T09:41:34.720Z"}
{"level":"info","message":"[2025-06-22T09:41:34.721Z] ✅ Route /api/tasks attached successfully","timestamp":"2025-06-22T09:41:34.721Z"}
{"level":"info","message":"[2025-06-22T09:41:34.721Z] ✅ Route /api/users attached successfully","timestamp":"2025-06-22T09:41:34.721Z"}
{"level":"info","message":"[2025-06-22T09:41:34.721Z] ✅ Route /api/analytics attached successfully","timestamp":"2025-06-22T09:41:34.721Z"}
{"level":"info","message":"[2025-06-22T09:41:34.722Z] MongoDB URI: mongodb://127.0.0.1:27017/learno_db","timestamp":"2025-06-22T09:41:34.722Z"}
{"level":"info","message":"[2025-06-22T09:41:34.772Z] ✅ MongoDB Connected","timestamp":"2025-06-22T09:41:34.772Z"}
{"level":"info","message":"[2025-06-22T09:41:34.779Z] 🚀 Server running on port 5000","timestamp":"2025-06-22T09:41:34.779Z"}
{"level":"info","message":"Token decoded successfully","timestamp":"2025-06-22T09:42:08.223Z","userId":"685646e5cc0deff29d3c83ea"}
{"level":"info","message":"[2025-06-22T09:42:08.232Z] Fetched skills for user 685646e5cc0deff29d3c83ea","timestamp":"2025-06-22T09:42:08.232Z"}
{"level":"info","message":"Token decoded successfully","timestamp":"2025-06-22T09:42:08.238Z","userId":"685646e5cc0deff29d3c83ea"}
{"level":"info","message":"[2025-06-22T09:42:08.249Z] Fetched skills for user 685646e5cc0deff29d3c83ea","timestamp":"2025-06-22T09:42:08.249Z"}
{"level":"info","message":"Token decoded successfully","timestamp":"2025-06-22T09:42:11.168Z","userId":"685646e5cc0deff29d3c83ea"}
{"level":"info","message":"Token decoded successfully","timestamp":"2025-06-22T09:42:11.203Z","userId":"685646e5cc0deff29d3c83ea"}
{"level":"info","message":"Token decoded successfully","timestamp":"2025-06-22T09:42:11.208Z","userId":"685646e5cc0deff29d3c83ea"}
{"level":"info","message":"Token decoded successfully","timestamp":"2025-06-22T09:42:11.212Z","userId":"685646e5cc0deff29d3c83ea"}
{"level":"info","message":"Token decoded successfully","timestamp":"2025-06-22T09:42:11.250Z","userId":"685646e5cc0deff29d3c83ea"}
{"level":"info","message":"Token decoded successfully","timestamp":"2025-06-22T09:42:11.282Z","userId":"685646e5cc0deff29d3c83ea"}
{"level":"info","message":"Token decoded successfully","timestamp":"2025-06-22T09:42:11.330Z","userId":"685646e5cc0deff29d3c83ea"}
{"level":"info","message":"Token decoded successfully","timestamp":"2025-06-22T09:42:11.336Z","userId":"685646e5cc0deff29d3c83ea"}
{"level":"info","message":"Token decoded successfully","timestamp":"2025-06-22T09:42:11.339Z","userId":"685646e5cc0deff29d3c83ea"}
{"level":"info","message":"Token decoded successfully","timestamp":"2025-06-22T09:42:11.349Z","userId":"685646e5cc0deff29d3c83ea"}
{"level":"info","message":"Token decoded successfully","timestamp":"2025-06-22T09:42:11.439Z","userId":"685646e5cc0deff29d3c83ea"}
{"level":"info","message":"Token decoded successfully","timestamp":"2025-06-22T09:42:39.341Z","userId":"685646e5cc0deff29d3c83ea"}
{"level":"info","message":"[2025-06-22T09:53:07.697Z] ✅ Route /api/auth attached successfully","timestamp":"2025-06-22T09:53:07.698Z"}
{"level":"info","message":"[2025-06-22T09:53:07.700Z] ✅ Route /api/profile attached successfully","timestamp":"2025-06-22T09:53:07.700Z"}
{"level":"info","message":"[2025-06-22T09:53:07.701Z] ✅ Route /api/skills attached successfully","timestamp":"2025-06-22T09:53:07.701Z"}
{"level":"info","message":"[2025-06-22T09:53:07.701Z] ✅ Route /api/tasks attached successfully","timestamp":"2025-06-22T09:53:07.701Z"}
{"level":"info","message":"[2025-06-22T09:53:07.701Z] ✅ Route /api/users attached successfully","timestamp":"2025-06-22T09:53:07.701Z"}
{"level":"info","message":"[2025-06-22T09:53:07.702Z] ✅ Route /api/analytics attached successfully","timestamp":"2025-06-22T09:53:07.702Z"}
{"level":"info","message":"[2025-06-22T09:53:07.702Z] ✅ Route /api/adaptiveLearning attached successfully","timestamp":"2025-06-22T09:53:07.702Z"}
{"level":"info","message":"[2025-06-22T09:53:07.703Z] MongoDB URI: mongodb://127.0.0.1:27017/learno_db","timestamp":"2025-06-22T09:53:07.703Z"}
{"level":"info","message":"[2025-06-22T09:53:07.744Z] ✅ MongoDB Connected","timestamp":"2025-06-22T09:53:07.744Z"}
{"level":"info","message":"[2025-06-22T09:53:07.748Z] 🚀 Server running on port 5000","timestamp":"2025-06-22T09:53:07.748Z"}
{"level":"info","message":"Token decoded successfully","timestamp":"2025-06-22T09:53:12.505Z","userId":"685646e5cc0deff29d3c83ea"}
{"level":"info","message":"[2025-06-22T09:53:12.513Z] Fetched skills for user 685646e5cc0deff29d3c83ea","timestamp":"2025-06-22T09:53:12.513Z"}
{"level":"info","message":"Token decoded successfully","timestamp":"2025-06-22T09:53:12.516Z","userId":"685646e5cc0deff29d3c83ea"}
{"level":"info","message":"[2025-06-22T09:53:12.524Z] Fetched skills for user 685646e5cc0deff29d3c83ea","timestamp":"2025-06-22T09:53:12.524Z"}
{"level":"info","message":"Token decoded successfully","timestamp":"2025-06-22T09:53:13.769Z","userId":"685646e5cc0deff29d3c83ea"}
{"level":"info","message":"Token decoded successfully","timestamp":"2025-06-22T09:53:13.774Z","userId":"685646e5cc0deff29d3c83ea"}
{"level":"info","message":"Token decoded successfully","timestamp":"2025-06-22T09:53:13.778Z","userId":"685646e5cc0deff29d3c83ea"}
{"level":"info","message":"Token decoded successfully","timestamp":"2025-06-22T09:53:13.782Z","userId":"685646e5cc0deff29d3c83ea"}
{"level":"info","message":"[2025-06-22T09:53:13.788Z] Fetched skills for user 685646e5cc0deff29d3c83ea","timestamp":"2025-06-22T09:53:13.788Z"}
{"level":"info","message":"[2025-06-22T09:53:13.790Z] Fetched analytics for user 685646e5cc0deff29d3c83ea","timestamp":"2025-06-22T09:53:13.790Z"}
{"level":"info","message":"Token decoded successfully","timestamp":"2025-06-22T09:53:13.796Z","userId":"685646e5cc0deff29d3c83ea"}
{"level":"info","message":"Token decoded successfully","timestamp":"2025-06-22T09:53:13.799Z","userId":"685646e5cc0deff29d3c83ea"}
{"level":"info","message":"[2025-06-22T09:53:13.807Z] Fetched chart data for user 685646e5cc0deff29d3c83ea","timestamp":"2025-06-22T09:53:13.807Z"}
{"level":"info","message":"[2025-06-22T09:53:13.810Z] Fetched skill plan for user 685646e5cc0deff29d3c83ea","timestamp":"2025-06-22T09:53:13.810Z"}
{"level":"info","message":"[2025-06-22T09:53:13.811Z] Fetched skills for user 685646e5cc0deff29d3c83ea","timestamp":"2025-06-22T09:53:13.811Z"}
{"level":"info","message":"Token decoded successfully","timestamp":"2025-06-22T09:53:13.816Z","userId":"685646e5cc0deff29d3c83ea"}
{"level":"info","message":"Token decoded successfully","timestamp":"2025-06-22T09:53:13.818Z","userId":"685646e5cc0deff29d3c83ea"}
{"level":"info","message":"[2025-06-22T09:53:13.825Z] Fetched analytics for user 685646e5cc0deff29d3c83ea","timestamp":"2025-06-22T09:53:13.825Z"}
{"level":"info","message":"[2025-06-22T09:53:13.827Z] Fetched chart data for user 685646e5cc0deff29d3c83ea","timestamp":"2025-06-22T09:53:13.827Z"}
{"level":"info","message":"[2025-06-22T09:53:13.829Z] Fetched skill plan for user 685646e5cc0deff29d3c83ea","timestamp":"2025-06-22T09:53:13.829Z"}
{"level":"info","message":"Token decoded successfully","timestamp":"2025-06-22T09:53:33.485Z","userId":"685646e5cc0deff29d3c83ea"}
{"level":"info","message":"Token decoded successfully","timestamp":"2025-06-22T09:53:33.523Z","userId":"685646e5cc0deff29d3c83ea"}
{"level":"info","message":"Token decoded successfully","timestamp":"2025-06-22T09:53:33.526Z","userId":"685646e5cc0deff29d3c83ea"}
{"level":"info","message":"Token decoded successfully","timestamp":"2025-06-22T09:53:33.536Z","userId":"685646e5cc0deff29d3c83ea"}
{"level":"info","message":"Token decoded successfully","timestamp":"2025-06-22T09:53:33.567Z","userId":"685646e5cc0deff29d3c83ea"}
{"level":"info","message":"Token decoded successfully","timestamp":"2025-06-22T09:53:33.586Z","userId":"685646e5cc0deff29d3c83ea"}
{"level":"info","message":"Token decoded successfully","timestamp":"2025-06-22T09:53:33.651Z","userId":"685646e5cc0deff29d3c83ea"}
{"level":"info","message":"Token decoded successfully","timestamp":"2025-06-22T09:53:33.664Z","userId":"685646e5cc0deff29d3c83ea"}
{"level":"info","message":"Token decoded successfully","timestamp":"2025-06-22T09:53:33.682Z","userId":"685646e5cc0deff29d3c83ea"}
{"level":"info","message":"Token decoded successfully","timestamp":"2025-06-22T09:53:33.710Z","userId":"685646e5cc0deff29d3c83ea"}
{"level":"info","message":"Token decoded successfully","timestamp":"2025-06-22T09:53:33.755Z","userId":"685646e5cc0deff29d3c83ea"}
{"level":"info","message":"Token decoded successfully","timestamp":"2025-06-22T09:55:30.022Z","userId":"685646e5cc0deff29d3c83ea"}
{"level":"info","message":"[2025-06-22T09:55:30.032Z] Fetched skills for user 685646e5cc0deff29d3c83ea","timestamp":"2025-06-22T09:55:30.032Z"}
{"level":"info","message":"Token decoded successfully","timestamp":"2025-06-22T09:55:30.042Z","userId":"685646e5cc0deff29d3c83ea"}
{"level":"info","message":"[2025-06-22T09:55:30.048Z] Fetched skills for user 685646e5cc0deff29d3c83ea","timestamp":"2025-06-22T09:55:30.048Z"}
{"level":"info","message":"Token decoded successfully","timestamp":"2025-06-22T09:57:02.428Z","userId":"685646e5cc0deff29d3c83ea"}
{"level":"info","message":"[2025-06-22T09:57:02.434Z] Fetched skills for user 685646e5cc0deff29d3c83ea","timestamp":"2025-06-22T09:57:02.434Z"}
{"level":"info","message":"Token decoded successfully","timestamp":"2025-06-22T09:57:02.442Z","userId":"685646e5cc0deff29d3c83ea"}
{"level":"info","message":"[2025-06-22T09:57:02.448Z] Fetched skills for user 685646e5cc0deff29d3c83ea","timestamp":"2025-06-22T09:57:02.448Z"}
{"level":"info","message":"Token decoded successfully","timestamp":"2025-06-22T09:59:04.096Z","userId":"685646e5cc0deff29d3c83ea"}
{"level":"info","message":"[2025-06-22T09:59:04.101Z] Fetched skills for user 685646e5cc0deff29d3c83ea","timestamp":"2025-06-22T09:59:04.101Z"}
{"level":"info","message":"Token decoded successfully","timestamp":"2025-06-22T09:59:04.108Z","userId":"685646e5cc0deff29d3c83ea"}
{"level":"info","message":"[2025-06-22T09:59:04.113Z] Fetched skills for user 685646e5cc0deff29d3c83ea","timestamp":"2025-06-22T09:59:04.113Z"}
{"level":"info","message":"Token decoded successfully","timestamp":"2025-06-22T10:04:12.342Z","userId":"685646e5cc0deff29d3c83ea"}
{"level":"info","message":"[2025-06-22T10:04:12.354Z] Fetched skills for user 685646e5cc0deff29d3c83ea","timestamp":"2025-06-22T10:04:12.354Z"}
{"level":"info","message":"Token decoded successfully","timestamp":"2025-06-22T10:04:12.357Z","userId":"685646e5cc0deff29d3c83ea"}
{"level":"info","message":"[2025-06-22T10:04:12.363Z] Fetched skills for user 685646e5cc0deff29d3c83ea","timestamp":"2025-06-22T10:04:12.363Z"}
{"level":"info","message":"Token decoded successfully","timestamp":"2025-06-22T10:09:17.167Z","userId":"685646e5cc0deff29d3c83ea"}
{"level":"info","message":"[2025-06-22T10:09:17.175Z] Fetched skills for user 685646e5cc0deff29d3c83ea","timestamp":"2025-06-22T10:09:17.175Z"}
{"level":"info","message":"Token decoded successfully","timestamp":"2025-06-22T10:09:17.180Z","userId":"685646e5cc0deff29d3c83ea"}
{"level":"info","message":"[2025-06-22T10:09:17.188Z] Fetched skills for user 685646e5cc0deff29d3c83ea","timestamp":"2025-06-22T10:09:17.188Z"}
{"level":"info","message":"Token decoded successfully","timestamp":"2025-06-22T11:02:59.336Z","userId":"685646e5cc0deff29d3c83ea"}
{"level":"info","message":"Token decoded successfully","timestamp":"2025-06-22T11:02:59.358Z","userId":"685646e5cc0deff29d3c83ea"}
{"level":"info","message":"Token decoded successfully","timestamp":"2025-06-22T11:02:59.364Z","userId":"685646e5cc0deff29d3c83ea"}
{"level":"info","message":"Token decoded successfully","timestamp":"2025-06-22T11:02:59.451Z","userId":"685646e5cc0deff29d3c83ea"}
{"level":"info","message":"Token decoded successfully","timestamp":"2025-06-22T11:02:59.455Z","userId":"685646e5cc0deff29d3c83ea"}
{"level":"info","message":"Token decoded successfully","timestamp":"2025-06-22T11:02:59.459Z","userId":"685646e5cc0deff29d3c83ea"}
{"level":"info","message":"Token decoded successfully","timestamp":"2025-06-22T11:02:59.514Z","userId":"685646e5cc0deff29d3c83ea"}
{"level":"info","message":"Token decoded successfully","timestamp":"2025-06-22T11:02:59.517Z","userId":"685646e5cc0deff29d3c83ea"}
{"level":"info","message":"Token decoded successfully","timestamp":"2025-06-22T11:02:59.529Z","userId":"685646e5cc0deff29d3c83ea"}
{"level":"info","message":"Token decoded successfully","timestamp":"2025-06-22T11:02:59.537Z","userId":"685646e5cc0deff29d3c83ea"}
{"level":"info","message":"Token decoded successfully","timestamp":"2025-06-22T11:02:59.560Z","userId":"685646e5cc0deff29d3c83ea"}
{"level":"info","message":"Token decoded successfully","timestamp":"2025-06-22T11:03:00.609Z","userId":"685646e5cc0deff29d3c83ea"}
{"level":"info","message":"Token decoded successfully","timestamp":"2025-06-22T11:03:00.614Z","userId":"685646e5cc0deff29d3c83ea"}
{"level":"info","message":"Token decoded successfully","timestamp":"2025-06-22T11:03:00.618Z","userId":"685646e5cc0deff29d3c83ea"}
{"level":"info","message":"Token decoded successfully","timestamp":"2025-06-22T11:03:00.623Z","userId":"685646e5cc0deff29d3c83ea"}
{"level":"info","message":"[2025-06-22T11:03:00.632Z] Fetched chart data for user 685646e5cc0deff29d3c83ea","timestamp":"2025-06-22T11:03:00.632Z"}
{"level":"info","message":"[2025-06-22T11:03:00.634Z] Fetched skill plan for user 685646e5cc0deff29d3c83ea","timestamp":"2025-06-22T11:03:00.634Z"}
{"level":"info","message":"[2025-06-22T11:03:00.636Z] Fetched skills for user 685646e5cc0deff29d3c83ea","timestamp":"2025-06-22T11:03:00.636Z"}
{"level":"info","message":"[2025-06-22T11:03:00.638Z] Fetched analytics for user 685646e5cc0deff29d3c83ea","timestamp":"2025-06-22T11:03:00.638Z"}
{"level":"info","message":"Token decoded successfully","timestamp":"2025-06-22T11:03:00.643Z","userId":"685646e5cc0deff29d3c83ea"}
{"level":"info","message":"Token decoded successfully","timestamp":"2025-06-22T11:03:00.648Z","userId":"685646e5cc0deff29d3c83ea"}
{"level":"info","message":"Token decoded successfully","timestamp":"2025-06-22T11:03:00.652Z","userId":"685646e5cc0deff29d3c83ea"}
{"level":"info","message":"Token decoded successfully","timestamp":"2025-06-22T11:03:00.655Z","userId":"685646e5cc0deff29d3c83ea"}
{"level":"info","message":"[2025-06-22T11:03:00.670Z] Fetched chart data for user 685646e5cc0deff29d3c83ea","timestamp":"2025-06-22T11:03:00.670Z"}
{"level":"info","message":"[2025-06-22T11:03:00.673Z] Fetched skill plan for user 685646e5cc0deff29d3c83ea","timestamp":"2025-06-22T11:03:00.673Z"}
{"level":"info","message":"[2025-06-22T11:03:00.674Z] Fetched skills for user 685646e5cc0deff29d3c83ea","timestamp":"2025-06-22T11:03:00.674Z"}
{"level":"info","message":"[2025-06-22T11:03:00.676Z] Fetched analytics for user 685646e5cc0deff29d3c83ea","timestamp":"2025-06-22T11:03:00.676Z"}
{"level":"info","message":"Token decoded successfully","timestamp":"2025-06-22T11:03:03.977Z","userId":"685646e5cc0deff29d3c83ea"}
{"level":"info","message":"Token decoded successfully","timestamp":"2025-06-22T11:03:03.987Z","userId":"685646e5cc0deff29d3c83ea"}
{"level":"info","message":"Token decoded successfully","timestamp":"2025-06-22T11:03:04.005Z","userId":"685646e5cc0deff29d3c83ea"}
{"level":"info","message":"Token decoded successfully","timestamp":"2025-06-22T11:03:04.032Z","userId":"685646e5cc0deff29d3c83ea"}
{"level":"info","message":"Token decoded successfully","timestamp":"2025-06-22T11:03:04.173Z","userId":"685646e5cc0deff29d3c83ea"}
{"level":"info","message":"Token decoded successfully","timestamp":"2025-06-22T11:03:04.221Z","userId":"685646e5cc0deff29d3c83ea"}
{"level":"info","message":"Token decoded successfully","timestamp":"2025-06-22T11:03:04.242Z","userId":"685646e5cc0deff29d3c83ea"}
{"level":"info","message":"Token decoded successfully","timestamp":"2025-06-22T11:03:04.276Z","userId":"685646e5cc0deff29d3c83ea"}
{"level":"info","message":"Token decoded successfully","timestamp":"2025-06-22T11:03:04.282Z","userId":"685646e5cc0deff29d3c83ea"}
{"level":"info","message":"Token decoded successfully","timestamp":"2025-06-22T11:03:04.301Z","userId":"685646e5cc0deff29d3c83ea"}
{"level":"info","message":"Token decoded successfully","timestamp":"2025-06-22T11:03:04.305Z","userId":"685646e5cc0deff29d3c83ea"}
{"level":"info","message":"Token decoded successfully","timestamp":"2025-06-22T11:03:05.236Z","userId":"685646e5cc0deff29d3c83ea"}
{"level":"info","message":"Token decoded successfully","timestamp":"2025-06-22T11:03:05.241Z","userId":"685646e5cc0deff29d3c83ea"}
{"level":"info","message":"Token decoded successfully","timestamp":"2025-06-22T11:03:05.245Z","userId":"685646e5cc0deff29d3c83ea"}
{"level":"info","message":"Token decoded successfully","timestamp":"2025-06-22T11:03:05.251Z","userId":"685646e5cc0deff29d3c83ea"}
{"level":"info","message":"[2025-06-22T11:03:05.266Z] Fetched skills for user 685646e5cc0deff29d3c83ea","timestamp":"2025-06-22T11:03:05.266Z"}
{"level":"info","message":"[2025-06-22T11:03:05.267Z] Fetched chart data for user 685646e5cc0deff29d3c83ea","timestamp":"2025-06-22T11:03:05.267Z"}
{"level":"info","message":"[2025-06-22T11:03:05.271Z] Fetched skill plan for user 685646e5cc0deff29d3c83ea","timestamp":"2025-06-22T11:03:05.271Z"}
{"level":"info","message":"[2025-06-22T11:03:05.273Z] Fetched analytics for user 685646e5cc0deff29d3c83ea","timestamp":"2025-06-22T11:03:05.273Z"}
{"level":"info","message":"Token decoded successfully","timestamp":"2025-06-22T11:03:05.277Z","userId":"685646e5cc0deff29d3c83ea"}
{"level":"info","message":"Token decoded successfully","timestamp":"2025-06-22T11:03:05.282Z","userId":"685646e5cc0deff29d3c83ea"}
{"level":"info","message":"Token decoded successfully","timestamp":"2025-06-22T11:03:05.288Z","userId":"685646e5cc0deff29d3c83ea"}
{"level":"info","message":"Token decoded successfully","timestamp":"2025-06-22T11:03:05.293Z","userId":"685646e5cc0deff29d3c83ea"}
{"level":"info","message":"[2025-06-22T11:03:05.310Z] Fetched analytics for user 685646e5cc0deff29d3c83ea","timestamp":"2025-06-22T11:03:05.310Z"}
{"level":"info","message":"[2025-06-22T11:03:05.315Z] Fetched skills for user 685646e5cc0deff29d3c83ea","timestamp":"2025-06-22T11:03:05.315Z"}
{"level":"info","message":"[2025-06-22T11:03:05.319Z] Fetched chart data for user 685646e5cc0deff29d3c83ea","timestamp":"2025-06-22T11:03:05.319Z"}
{"level":"info","message":"[2025-06-22T11:03:05.324Z] Fetched skill plan for user 685646e5cc0deff29d3c83ea","timestamp":"2025-06-22T11:03:05.324Z"}
{"level":"info","message":"Token decoded successfully","timestamp":"2025-06-22T11:03:07.938Z","userId":"685646e5cc0deff29d3c83ea"}
{"level":"info","message":"Token decoded successfully","timestamp":"2025-06-22T11:03:07.947Z","userId":"685646e5cc0deff29d3c83ea"}
{"level":"info","message":"Token decoded successfully","timestamp":"2025-06-22T11:03:07.952Z","userId":"685646e5cc0deff29d3c83ea"}
{"level":"info","message":"Token decoded successfully","timestamp":"2025-06-22T11:03:07.956Z","userId":"685646e5cc0deff29d3c83ea"}
{"level":"info","message":"[2025-06-22T11:03:07.963Z] Fetched skills for user 685646e5cc0deff29d3c83ea","timestamp":"2025-06-22T11:03:07.963Z"}
{"level":"info","message":"[2025-06-22T11:03:07.967Z] Fetched chart data for user 685646e5cc0deff29d3c83ea","timestamp":"2025-06-22T11:03:07.967Z"}
{"level":"info","message":"[2025-06-22T11:03:07.969Z] Fetched skill plan for user 685646e5cc0deff29d3c83ea","timestamp":"2025-06-22T11:03:07.969Z"}
{"level":"info","message":"[2025-06-22T11:03:07.972Z] Fetched analytics for user 685646e5cc0deff29d3c83ea","timestamp":"2025-06-22T11:03:07.972Z"}
{"level":"info","message":"Token decoded successfully","timestamp":"2025-06-22T11:03:07.978Z","userId":"685646e5cc0deff29d3c83ea"}
{"level":"info","message":"Token decoded successfully","timestamp":"2025-06-22T11:03:07.987Z","userId":"685646e5cc0deff29d3c83ea"}
{"level":"info","message":"Token decoded successfully","timestamp":"2025-06-22T11:03:07.992Z","userId":"685646e5cc0deff29d3c83ea"}
{"level":"info","message":"Token decoded successfully","timestamp":"2025-06-22T11:03:07.995Z","userId":"685646e5cc0deff29d3c83ea"}
{"level":"info","message":"[2025-06-22T11:03:08.005Z] Fetched skills for user 685646e5cc0deff29d3c83ea","timestamp":"2025-06-22T11:03:08.005Z"}
{"level":"info","message":"[2025-06-22T11:03:08.008Z] Fetched chart data for user 685646e5cc0deff29d3c83ea","timestamp":"2025-06-22T11:03:08.008Z"}
{"level":"info","message":"[2025-06-22T11:03:08.015Z] Fetched skill plan for user 685646e5cc0deff29d3c83ea","timestamp":"2025-06-22T11:03:08.015Z"}
{"level":"info","message":"[2025-06-22T11:03:08.017Z] Fetched analytics for user 685646e5cc0deff29d3c83ea","timestamp":"2025-06-22T11:03:08.017Z"}
{"level":"info","message":"Token decoded successfully","timestamp":"2025-06-22T11:03:08.490Z","userId":"685646e5cc0deff29d3c83ea"}
{"level":"info","message":"Token decoded successfully","timestamp":"2025-06-22T11:03:08.507Z","userId":"685646e5cc0deff29d3c83ea"}
{"level":"info","message":"Token decoded successfully","timestamp":"2025-06-22T11:03:08.514Z","userId":"685646e5cc0deff29d3c83ea"}
{"level":"info","message":"Token decoded successfully","timestamp":"2025-06-22T11:03:08.523Z","userId":"685646e5cc0deff29d3c83ea"}
{"level":"info","message":"Token decoded successfully","timestamp":"2025-06-22T11:03:08.540Z","userId":"685646e5cc0deff29d3c83ea"}
{"level":"info","message":"Token decoded successfully","timestamp":"2025-06-22T11:03:08.550Z","userId":"685646e5cc0deff29d3c83ea"}
{"level":"info","message":"Token decoded successfully","timestamp":"2025-06-22T11:03:08.624Z","userId":"685646e5cc0deff29d3c83ea"}
{"level":"info","message":"Token decoded successfully","timestamp":"2025-06-22T11:03:08.688Z","userId":"685646e5cc0deff29d3c83ea"}
{"level":"info","message":"Token decoded successfully","timestamp":"2025-06-22T11:03:11.211Z","userId":"685646e5cc0deff29d3c83ea"}
{"level":"info","message":"Token decoded successfully","timestamp":"2025-06-22T11:03:11.225Z","userId":"685646e5cc0deff29d3c83ea"}
{"level":"info","message":"Token decoded successfully","timestamp":"2025-06-22T11:03:11.237Z","userId":"685646e5cc0deff29d3c83ea"}
{"level":"info","message":"Token decoded successfully","timestamp":"2025-06-22T11:03:11.240Z","userId":"685646e5cc0deff29d3c83ea"}
{"level":"info","message":"Token decoded successfully","timestamp":"2025-06-22T11:03:11.256Z","userId":"685646e5cc0deff29d3c83ea"}
{"level":"info","message":"Token decoded successfully","timestamp":"2025-06-22T11:03:11.267Z","userId":"685646e5cc0deff29d3c83ea"}
{"level":"info","message":"Token decoded successfully","timestamp":"2025-06-22T11:03:11.351Z","userId":"685646e5cc0deff29d3c83ea"}
{"level":"info","message":"Token decoded successfully","timestamp":"2025-06-22T11:03:11.419Z","userId":"685646e5cc0deff29d3c83ea"}
{"level":"info","message":"Token decoded successfully","timestamp":"2025-06-22T11:03:12.369Z","userId":"685646e5cc0deff29d3c83ea"}
{"level":"info","message":"Token decoded successfully","timestamp":"2025-06-22T11:03:12.373Z","userId":"685646e5cc0deff29d3c83ea"}
{"level":"info","message":"Token decoded successfully","timestamp":"2025-06-22T11:03:12.376Z","userId":"685646e5cc0deff29d3c83ea"}
{"level":"info","message":"Token decoded successfully","timestamp":"2025-06-22T11:03:12.379Z","userId":"685646e5cc0deff29d3c83ea"}
{"level":"info","message":"[2025-06-22T11:03:12.388Z] Fetched skills for user 685646e5cc0deff29d3c83ea","timestamp":"2025-06-22T11:03:12.388Z"}
{"level":"info","message":"[2025-06-22T11:03:12.390Z] Fetched chart data for user 685646e5cc0deff29d3c83ea","timestamp":"2025-06-22T11:03:12.390Z"}
{"level":"info","message":"[2025-06-22T11:03:12.392Z] Fetched skill plan for user 685646e5cc0deff29d3c83ea","timestamp":"2025-06-22T11:03:12.392Z"}
{"level":"info","message":"[2025-06-22T11:03:12.394Z] Fetched analytics for user 685646e5cc0deff29d3c83ea","timestamp":"2025-06-22T11:03:12.394Z"}
{"level":"info","message":"Token decoded successfully","timestamp":"2025-06-22T11:03:12.397Z","userId":"685646e5cc0deff29d3c83ea"}
{"level":"info","message":"Token decoded successfully","timestamp":"2025-06-22T11:03:12.401Z","userId":"685646e5cc0deff29d3c83ea"}
{"level":"info","message":"Token decoded successfully","timestamp":"2025-06-22T11:03:12.404Z","userId":"685646e5cc0deff29d3c83ea"}
{"level":"info","message":"Token decoded successfully","timestamp":"2025-06-22T11:03:12.407Z","userId":"685646e5cc0deff29d3c83ea"}
{"level":"info","message":"[2025-06-22T11:03:12.415Z] Fetched skills for user 685646e5cc0deff29d3c83ea","timestamp":"2025-06-22T11:03:12.415Z"}
{"level":"info","message":"[2025-06-22T11:03:12.420Z] Fetched chart data for user 685646e5cc0deff29d3c83ea","timestamp":"2025-06-22T11:03:12.420Z"}
{"level":"info","message":"[2025-06-22T11:03:12.422Z] Fetched skill plan for user 685646e5cc0deff29d3c83ea","timestamp":"2025-06-22T11:03:12.422Z"}
{"level":"info","message":"[2025-06-22T11:03:12.424Z] Fetched analytics for user 685646e5cc0deff29d3c83ea","timestamp":"2025-06-22T11:03:12.424Z"}
{"level":"info","message":"Token decoded successfully","timestamp":"2025-06-22T11:03:19.861Z","userId":"685646e5cc0deff29d3c83ea"}
{"level":"info","message":"Token decoded successfully","timestamp":"2025-06-22T11:03:19.884Z","userId":"685646e5cc0deff29d3c83ea"}
{"level":"info","message":"Token decoded successfully","timestamp":"2025-06-22T11:03:19.895Z","userId":"685646e5cc0deff29d3c83ea"}
{"level":"info","message":"Token decoded successfully","timestamp":"2025-06-22T11:03:19.999Z","userId":"685646e5cc0deff29d3c83ea"}
{"level":"info","message":"Token decoded successfully","timestamp":"2025-06-22T11:03:20.008Z","userId":"685646e5cc0deff29d3c83ea"}
{"level":"info","message":"Token decoded successfully","timestamp":"2025-06-22T11:03:20.025Z","userId":"685646e5cc0deff29d3c83ea"}
{"level":"info","message":"Token decoded successfully","timestamp":"2025-06-22T11:03:20.071Z","userId":"685646e5cc0deff29d3c83ea"}
{"level":"info","message":"Token decoded successfully","timestamp":"2025-06-22T11:03:20.090Z","userId":"685646e5cc0deff29d3c83ea"}
{"level":"info","message":"Token decoded successfully","timestamp":"2025-06-22T11:03:20.109Z","userId":"685646e5cc0deff29d3c83ea"}
{"level":"info","message":"Token decoded successfully","timestamp":"2025-06-22T11:03:20.115Z","userId":"685646e5cc0deff29d3c83ea"}
{"level":"info","message":"Token decoded successfully","timestamp":"2025-06-22T11:03:20.139Z","userId":"685646e5cc0deff29d3c83ea"}
{"level":"info","message":"Token decoded successfully","timestamp":"2025-06-22T11:03:21.043Z","userId":"685646e5cc0deff29d3c83ea"}
{"level":"info","message":"Token decoded successfully","timestamp":"2025-06-22T11:03:21.047Z","userId":"685646e5cc0deff29d3c83ea"}
{"level":"info","message":"Token decoded successfully","timestamp":"2025-06-22T11:03:21.051Z","userId":"685646e5cc0deff29d3c83ea"}
{"level":"info","message":"Token decoded successfully","timestamp":"2025-06-22T11:03:21.054Z","userId":"685646e5cc0deff29d3c83ea"}
{"level":"info","message":"[2025-06-22T11:03:21.064Z] Fetched skills for user 685646e5cc0deff29d3c83ea","timestamp":"2025-06-22T11:03:21.064Z"}
{"level":"info","message":"[2025-06-22T11:03:21.065Z] Fetched chart data for user 685646e5cc0deff29d3c83ea","timestamp":"2025-06-22T11:03:21.065Z"}
{"level":"info","message":"[2025-06-22T11:03:21.068Z] Fetched skill plan for user 685646e5cc0deff29d3c83ea","timestamp":"2025-06-22T11:03:21.068Z"}
{"level":"info","message":"[2025-06-22T11:03:21.071Z] Fetched analytics for user 685646e5cc0deff29d3c83ea","timestamp":"2025-06-22T11:03:21.071Z"}
{"level":"info","message":"Token decoded successfully","timestamp":"2025-06-22T11:03:21.073Z","userId":"685646e5cc0deff29d3c83ea"}
{"level":"info","message":"Token decoded successfully","timestamp":"2025-06-22T11:03:21.078Z","userId":"685646e5cc0deff29d3c83ea"}
{"level":"info","message":"Token decoded successfully","timestamp":"2025-06-22T11:03:21.083Z","userId":"685646e5cc0deff29d3c83ea"}
{"level":"info","message":"Token decoded successfully","timestamp":"2025-06-22T11:03:21.088Z","userId":"685646e5cc0deff29d3c83ea"}
{"level":"info","message":"[2025-06-22T11:03:21.097Z] Fetched skills for user 685646e5cc0deff29d3c83ea","timestamp":"2025-06-22T11:03:21.097Z"}
{"level":"info","message":"[2025-06-22T11:03:21.101Z] Fetched chart data for user 685646e5cc0deff29d3c83ea","timestamp":"2025-06-22T11:03:21.101Z"}
{"level":"info","message":"[2025-06-22T11:03:21.102Z] Fetched skill plan for user 685646e5cc0deff29d3c83ea","timestamp":"2025-06-22T11:03:21.102Z"}
{"level":"info","message":"[2025-06-22T11:03:21.105Z] Fetched analytics for user 685646e5cc0deff29d3c83ea","timestamp":"2025-06-22T11:03:21.105Z"}
{"level":"info","message":"[2025-06-22T13:32:20.600Z] ✅ Route /api/auth attached successfully","timestamp":"2025-06-22T13:32:20.601Z"}
{"level":"info","message":"[2025-06-22T13:32:20.603Z] ✅ Route /api/profile attached successfully","timestamp":"2025-06-22T13:32:20.603Z"}
{"level":"info","message":"[2025-06-22T13:32:20.604Z] ✅ Route /api/skills attached successfully","timestamp":"2025-06-22T13:32:20.604Z"}
{"level":"info","message":"[2025-06-22T13:32:20.605Z] ✅ Route /api/tasks attached successfully","timestamp":"2025-06-22T13:32:20.605Z"}
{"level":"info","message":"[2025-06-22T13:32:20.605Z] ✅ Route /api/users attached successfully","timestamp":"2025-06-22T13:32:20.605Z"}
{"level":"info","message":"[2025-06-22T13:32:20.605Z] ✅ Route /api/analytics attached successfully","timestamp":"2025-06-22T13:32:20.605Z"}
{"level":"info","message":"[2025-06-22T13:32:20.606Z] ✅ Route /api/adaptiveLearning attached successfully","timestamp":"2025-06-22T13:32:20.606Z"}
{"level":"info","message":"[2025-06-22T13:32:20.606Z] MongoDB URI: mongodb://127.0.0.1:27017/learno_db","timestamp":"2025-06-22T13:32:20.606Z"}
{"level":"info","message":"[2025-06-22T13:32:20.700Z] ✅ MongoDB Connected","timestamp":"2025-06-22T13:32:20.700Z"}
{"level":"info","message":"[2025-06-22T13:32:20.705Z] 🚀 Server running on port 5000","timestamp":"2025-06-22T13:32:20.705Z"}
{"level":"info","message":"Token decoded successfully","timestamp":"2025-06-22T13:32:31.929Z","userId":"685646e5cc0deff29d3c83ea"}
{"level":"info","message":"[2025-06-22T13:32:31.934Z] Fetched skills for user 685646e5cc0deff29d3c83ea","timestamp":"2025-06-22T13:32:31.934Z"}
{"level":"info","message":"Token decoded successfully","timestamp":"2025-06-22T13:32:31.940Z","userId":"685646e5cc0deff29d3c83ea"}
{"level":"info","message":"[2025-06-22T13:32:31.949Z] Fetched skills for user 685646e5cc0deff29d3c83ea","timestamp":"2025-06-22T13:32:31.949Z"}
{"level":"info","message":"[2025-06-24T05:28:59.778Z] ✅ Route /api/auth attached successfully","timestamp":"2025-06-24T05:28:59.779Z"}
{"level":"info","message":"[2025-06-24T05:28:59.782Z] ✅ Route /api/profile attached successfully","timestamp":"2025-06-24T05:28:59.782Z"}
{"level":"info","message":"[2025-06-24T05:28:59.783Z] ✅ Route /api/skills attached successfully","timestamp":"2025-06-24T05:28:59.783Z"}
{"level":"info","message":"[2025-06-24T05:28:59.784Z] ✅ Route /api/tasks attached successfully","timestamp":"2025-06-24T05:28:59.784Z"}
{"level":"info","message":"[2025-06-24T05:28:59.784Z] ✅ Route /api/users attached successfully","timestamp":"2025-06-24T05:28:59.784Z"}
{"level":"info","message":"[2025-06-24T05:28:59.784Z] ✅ Route /api/analytics attached successfully","timestamp":"2025-06-24T05:28:59.784Z"}
{"level":"info","message":"[2025-06-24T05:28:59.785Z] ✅ Route /api/adaptiveLearning attached successfully","timestamp":"2025-06-24T05:28:59.785Z"}
{"level":"info","message":"[2025-06-24T05:28:59.785Z] MongoDB URI: mongodb://127.0.0.1:27017/learno_db","timestamp":"2025-06-24T05:28:59.785Z"}
{"level":"info","message":"[2025-06-24T05:28:59.834Z] ✅ MongoDB Connected","timestamp":"2025-06-24T05:28:59.834Z"}
{"level":"info","message":"[2025-06-24T05:28:59.840Z] 🚀 Server running on port 5000","timestamp":"2025-06-24T05:28:59.840Z"}
{"error":"invalid signature","level":"error","message":"Token verification failed","timestamp":"2025-06-24T05:29:58.518Z"}
{"error":"Unauthorized: Invalid token","level":"error","message":"[2025-06-24T05:29:58.523Z] Server error:","path":"/api/skills","stack":"Error: Unauthorized: Invalid token\n    at C:\\Users\\aswin\\OneDrive\\Desktop\\learno\\backend\\middleware\\authMiddleware.js:39:13\n    at asyncUtilWrap (C:\\Users\\aswin\\OneDrive\\Desktop\\learno\\backend\\node_modules\\express-async-handler\\index.js:3:20)\n    at Layer.handle [as handle_request] (C:\\Users\\aswin\\OneDrive\\Desktop\\learno\\backend\\node_modules\\express\\lib\\router\\layer.js:95:5)\n    at next (C:\\Users\\aswin\\OneDrive\\Desktop\\learno\\backend\\node_modules\\express\\lib\\router\\route.js:149:13)\n    at Route.dispatch (C:\\Users\\aswin\\OneDrive\\Desktop\\learno\\backend\\node_modules\\express\\lib\\router\\route.js:119:3)\n    at Layer.handle [as handle_request] (C:\\Users\\aswin\\OneDrive\\Desktop\\learno\\backend\\node_modules\\express\\lib\\router\\layer.js:95:5)\n    at C:\\Users\\aswin\\OneDrive\\Desktop\\learno\\backend\\node_modules\\express\\lib\\router\\index.js:284:15\n    at Function.process_params (C:\\Users\\aswin\\OneDrive\\Desktop\\learno\\backend\\node_modules\\express\\lib\\router\\index.js:346:12)\n    at next (C:\\Users\\aswin\\OneDrive\\Desktop\\learno\\backend\\node_modules\\express\\lib\\router\\index.js:280:10)\n    at Function.handle (C:\\Users\\aswin\\OneDrive\\Desktop\\learno\\backend\\node_modules\\express\\lib\\router\\index.js:175:3)","status":500,"timestamp":"2025-06-24T05:29:58.525Z"}
{"error":"invalid signature","level":"error","message":"Token verification failed","timestamp":"2025-06-24T05:29:58.568Z"}
{"error":"Unauthorized: Invalid token","level":"error","message":"[2025-06-24T05:29:58.572Z] Server error:","path":"/api/skills","stack":"Error: Unauthorized: Invalid token\n    at C:\\Users\\aswin\\OneDrive\\Desktop\\learno\\backend\\middleware\\authMiddleware.js:39:13\n    at asyncUtilWrap (C:\\Users\\aswin\\OneDrive\\Desktop\\learno\\backend\\node_modules\\express-async-handler\\index.js:3:20)\n    at Layer.handle [as handle_request] (C:\\Users\\aswin\\OneDrive\\Desktop\\learno\\backend\\node_modules\\express\\lib\\router\\layer.js:95:5)\n    at next (C:\\Users\\aswin\\OneDrive\\Desktop\\learno\\backend\\node_modules\\express\\lib\\router\\route.js:149:13)\n    at Route.dispatch (C:\\Users\\aswin\\OneDrive\\Desktop\\learno\\backend\\node_modules\\express\\lib\\router\\route.js:119:3)\n    at Layer.handle [as handle_request] (C:\\Users\\aswin\\OneDrive\\Desktop\\learno\\backend\\node_modules\\express\\lib\\router\\layer.js:95:5)\n    at C:\\Users\\aswin\\OneDrive\\Desktop\\learno\\backend\\node_modules\\express\\lib\\router\\index.js:284:15\n    at Function.process_params (C:\\Users\\aswin\\OneDrive\\Desktop\\learno\\backend\\node_modules\\express\\lib\\router\\index.js:346:12)\n    at next (C:\\Users\\aswin\\OneDrive\\Desktop\\learno\\backend\\node_modules\\express\\lib\\router\\index.js:280:10)\n    at Function.handle (C:\\Users\\aswin\\OneDrive\\Desktop\\learno\\backend\\node_modules\\express\\lib\\router\\index.js:175:3)","status":500,"timestamp":"2025-06-24T05:29:58.572Z"}
{"error":"invalid signature","level":"error","message":"Token verification failed","timestamp":"2025-06-24T05:30:03.685Z"}
{"error":"Unauthorized: Invalid token","level":"error","message":"[2025-06-24T05:30:03.686Z] Server error:","path":"/api/analytics?period=week","stack":"Error: Unauthorized: Invalid token\n    at C:\\Users\\aswin\\OneDrive\\Desktop\\learno\\backend\\middleware\\authMiddleware.js:39:13\n    at asyncUtilWrap (C:\\Users\\aswin\\OneDrive\\Desktop\\learno\\backend\\node_modules\\express-async-handler\\index.js:3:20)\n    at Layer.handle [as handle_request] (C:\\Users\\aswin\\OneDrive\\Desktop\\learno\\backend\\node_modules\\express\\lib\\router\\layer.js:95:5)\n    at next (C:\\Users\\aswin\\OneDrive\\Desktop\\learno\\backend\\node_modules\\express\\lib\\router\\route.js:149:13)\n    at Route.dispatch (C:\\Users\\aswin\\OneDrive\\Desktop\\learno\\backend\\node_modules\\express\\lib\\router\\route.js:119:3)\n    at Layer.handle [as handle_request] (C:\\Users\\aswin\\OneDrive\\Desktop\\learno\\backend\\node_modules\\express\\lib\\router\\layer.js:95:5)\n    at C:\\Users\\aswin\\OneDrive\\Desktop\\learno\\backend\\node_modules\\express\\lib\\router\\index.js:284:15\n    at Function.process_params (C:\\Users\\aswin\\OneDrive\\Desktop\\learno\\backend\\node_modules\\express\\lib\\router\\index.js:346:12)\n    at next (C:\\Users\\aswin\\OneDrive\\Desktop\\learno\\backend\\node_modules\\express\\lib\\router\\index.js:280:10)\n    at Function.handle (C:\\Users\\aswin\\OneDrive\\Desktop\\learno\\backend\\node_modules\\express\\lib\\router\\index.js:175:3)","status":500,"timestamp":"2025-06-24T05:30:03.686Z"}
{"error":"invalid signature","level":"error","message":"Token verification failed","timestamp":"2025-06-24T05:30:03.751Z"}
{"error":"Unauthorized: Invalid token","level":"error","message":"[2025-06-24T05:30:03.752Z] Server error:","path":"/api/analytics?period=month","stack":"Error: Unauthorized: Invalid token\n    at C:\\Users\\aswin\\OneDrive\\Desktop\\learno\\backend\\middleware\\authMiddleware.js:39:13\n    at asyncUtilWrap (C:\\Users\\aswin\\OneDrive\\Desktop\\learno\\backend\\node_modules\\express-async-handler\\index.js:3:20)\n    at Layer.handle [as handle_request] (C:\\Users\\aswin\\OneDrive\\Desktop\\learno\\backend\\node_modules\\express\\lib\\router\\layer.js:95:5)\n    at next (C:\\Users\\aswin\\OneDrive\\Desktop\\learno\\backend\\node_modules\\express\\lib\\router\\route.js:149:13)\n    at Route.dispatch (C:\\Users\\aswin\\OneDrive\\Desktop\\learno\\backend\\node_modules\\express\\lib\\router\\route.js:119:3)\n    at Layer.handle [as handle_request] (C:\\Users\\aswin\\OneDrive\\Desktop\\learno\\backend\\node_modules\\express\\lib\\router\\layer.js:95:5)\n    at C:\\Users\\aswin\\OneDrive\\Desktop\\learno\\backend\\node_modules\\express\\lib\\router\\index.js:284:15\n    at Function.process_params (C:\\Users\\aswin\\OneDrive\\Desktop\\learno\\backend\\node_modules\\express\\lib\\router\\index.js:346:12)\n    at next (C:\\Users\\aswin\\OneDrive\\Desktop\\learno\\backend\\node_modules\\express\\lib\\router\\index.js:280:10)\n    at Function.handle (C:\\Users\\aswin\\OneDrive\\Desktop\\learno\\backend\\node_modules\\express\\lib\\router\\index.js:175:3)","status":500,"timestamp":"2025-06-24T05:30:03.752Z"}
{"error":"invalid signature","level":"error","message":"Token verification failed","timestamp":"2025-06-24T05:30:03.766Z"}
{"error":"Unauthorized: Invalid token","level":"error","message":"[2025-06-24T05:30:03.767Z] Server error:","path":"/api/users/685646e5cc0deff29d3c83ea/settings","stack":"Error: Unauthorized: Invalid token\n    at C:\\Users\\aswin\\OneDrive\\Desktop\\learno\\backend\\middleware\\authMiddleware.js:39:13\n    at asyncUtilWrap (C:\\Users\\aswin\\OneDrive\\Desktop\\learno\\backend\\node_modules\\express-async-handler\\index.js:3:20)\n    at Layer.handle [as handle_request] (C:\\Users\\aswin\\OneDrive\\Desktop\\learno\\backend\\node_modules\\express\\lib\\router\\layer.js:95:5)\n    at next (C:\\Users\\aswin\\OneDrive\\Desktop\\learno\\backend\\node_modules\\express\\lib\\router\\route.js:149:13)\n    at Route.dispatch (C:\\Users\\aswin\\OneDrive\\Desktop\\learno\\backend\\node_modules\\express\\lib\\router\\route.js:119:3)\n    at Layer.handle [as handle_request] (C:\\Users\\aswin\\OneDrive\\Desktop\\learno\\backend\\node_modules\\express\\lib\\router\\layer.js:95:5)\n    at C:\\Users\\aswin\\OneDrive\\Desktop\\learno\\backend\\node_modules\\express\\lib\\router\\index.js:284:15\n    at param (C:\\Users\\aswin\\OneDrive\\Desktop\\learno\\backend\\node_modules\\express\\lib\\router\\index.js:365:14)\n    at param (C:\\Users\\aswin\\OneDrive\\Desktop\\learno\\backend\\node_modules\\express\\lib\\router\\index.js:376:14)\n    at Function.process_params (C:\\Users\\aswin\\OneDrive\\Desktop\\learno\\backend\\node_modules\\express\\lib\\router\\index.js:421:3)","status":500,"timestamp":"2025-06-24T05:30:03.767Z"}
{"error":"invalid signature","level":"error","message":"Token verification failed","timestamp":"2025-06-24T05:30:03.777Z"}
{"error":"invalid signature","level":"error","message":"Token verification failed","timestamp":"2025-06-24T05:30:03.780Z"}
{"error":"invalid signature","level":"error","message":"Token verification failed","timestamp":"2025-06-24T05:30:03.792Z"}
{"error":"Unauthorized: Invalid token","level":"error","message":"[2025-06-24T05:30:03.793Z] Server error:","path":"/api/users/685646e5cc0deff29d3c83ea/settings","stack":"Error: Unauthorized: Invalid token\n    at C:\\Users\\aswin\\OneDrive\\Desktop\\learno\\backend\\middleware\\authMiddleware.js:39:13\n    at asyncUtilWrap (C:\\Users\\aswin\\OneDrive\\Desktop\\learno\\backend\\node_modules\\express-async-handler\\index.js:3:20)\n    at Layer.handle [as handle_request] (C:\\Users\\aswin\\OneDrive\\Desktop\\learno\\backend\\node_modules\\express\\lib\\router\\layer.js:95:5)\n    at next (C:\\Users\\aswin\\OneDrive\\Desktop\\learno\\backend\\node_modules\\express\\lib\\router\\route.js:149:13)\n    at Route.dispatch (C:\\Users\\aswin\\OneDrive\\Desktop\\learno\\backend\\node_modules\\express\\lib\\router\\route.js:119:3)\n    at Layer.handle [as handle_request] (C:\\Users\\aswin\\OneDrive\\Desktop\\learno\\backend\\node_modules\\express\\lib\\router\\layer.js:95:5)\n    at C:\\Users\\aswin\\OneDrive\\Desktop\\learno\\backend\\node_modules\\express\\lib\\router\\index.js:284:15\n    at param (C:\\Users\\aswin\\OneDrive\\Desktop\\learno\\backend\\node_modules\\express\\lib\\router\\index.js:365:14)\n    at param (C:\\Users\\aswin\\OneDrive\\Desktop\\learno\\backend\\node_modules\\express\\lib\\router\\index.js:376:14)\n    at Function.process_params (C:\\Users\\aswin\\OneDrive\\Desktop\\learno\\backend\\node_modules\\express\\lib\\router\\index.js:421:3)","status":500,"timestamp":"2025-06-24T05:30:03.793Z"}
{"error":"Unauthorized: Invalid token","level":"error","message":"[2025-06-24T05:30:03.795Z] Server error:","path":"/api/analytics?period=month","stack":"Error: Unauthorized: Invalid token\n    at C:\\Users\\aswin\\OneDrive\\Desktop\\learno\\backend\\middleware\\authMiddleware.js:39:13\n    at asyncUtilWrap (C:\\Users\\aswin\\OneDrive\\Desktop\\learno\\backend\\node_modules\\express-async-handler\\index.js:3:20)\n    at Layer.handle [as handle_request] (C:\\Users\\aswin\\OneDrive\\Desktop\\learno\\backend\\node_modules\\express\\lib\\router\\layer.js:95:5)\n    at next (C:\\Users\\aswin\\OneDrive\\Desktop\\learno\\backend\\node_modules\\express\\lib\\router\\route.js:149:13)\n    at Route.dispatch (C:\\Users\\aswin\\OneDrive\\Desktop\\learno\\backend\\node_modules\\express\\lib\\router\\route.js:119:3)\n    at Layer.handle [as handle_request] (C:\\Users\\aswin\\OneDrive\\Desktop\\learno\\backend\\node_modules\\express\\lib\\router\\layer.js:95:5)\n    at C:\\Users\\aswin\\OneDrive\\Desktop\\learno\\backend\\node_modules\\express\\lib\\router\\index.js:284:15\n    at Function.process_params (C:\\Users\\aswin\\OneDrive\\Desktop\\learno\\backend\\node_modules\\express\\lib\\router\\index.js:346:12)\n    at next (C:\\Users\\aswin\\OneDrive\\Desktop\\learno\\backend\\node_modules\\express\\lib\\router\\index.js:280:10)\n    at Function.handle (C:\\Users\\aswin\\OneDrive\\Desktop\\learno\\backend\\node_modules\\express\\lib\\router\\index.js:175:3)","status":500,"timestamp":"2025-06-24T05:30:03.795Z"}
{"error":"Unauthorized: Invalid token","level":"error","message":"[2025-06-24T05:30:03.796Z] Server error:","path":"/api/analytics?period=week","stack":"Error: Unauthorized: Invalid token\n    at C:\\Users\\aswin\\OneDrive\\Desktop\\learno\\backend\\middleware\\authMiddleware.js:39:13\n    at asyncUtilWrap (C:\\Users\\aswin\\OneDrive\\Desktop\\learno\\backend\\node_modules\\express-async-handler\\index.js:3:20)\n    at Layer.handle [as handle_request] (C:\\Users\\aswin\\OneDrive\\Desktop\\learno\\backend\\node_modules\\express\\lib\\router\\layer.js:95:5)\n    at next (C:\\Users\\aswin\\OneDrive\\Desktop\\learno\\backend\\node_modules\\express\\lib\\router\\route.js:149:13)\n    at Route.dispatch (C:\\Users\\aswin\\OneDrive\\Desktop\\learno\\backend\\node_modules\\express\\lib\\router\\route.js:119:3)\n    at Layer.handle [as handle_request] (C:\\Users\\aswin\\OneDrive\\Desktop\\learno\\backend\\node_modules\\express\\lib\\router\\layer.js:95:5)\n    at C:\\Users\\aswin\\OneDrive\\Desktop\\learno\\backend\\node_modules\\express\\lib\\router\\index.js:284:15\n    at Function.process_params (C:\\Users\\aswin\\OneDrive\\Desktop\\learno\\backend\\node_modules\\express\\lib\\router\\index.js:346:12)\n    at next (C:\\Users\\aswin\\OneDrive\\Desktop\\learno\\backend\\node_modules\\express\\lib\\router\\index.js:280:10)\n    at Function.handle (C:\\Users\\aswin\\OneDrive\\Desktop\\learno\\backend\\node_modules\\express\\lib\\router\\index.js:175:3)","status":500,"timestamp":"2025-06-24T05:30:03.797Z"}
{"level":"info","message":"Token decoded successfully","timestamp":"2025-06-24T05:30:16.604Z","userId":"685646e5cc0deff29d3c83ea"}
{"level":"info","message":"[2025-06-24T05:30:16.616Z] Fetched skills for user 685646e5cc0deff29d3c83ea","timestamp":"2025-06-24T05:30:16.616Z"}
{"level":"info","message":"Token decoded successfully","timestamp":"2025-06-24T05:30:16.628Z","userId":"685646e5cc0deff29d3c83ea"}
{"level":"info","message":"[2025-06-24T05:30:16.651Z] Fetched skills for user 685646e5cc0deff29d3c83ea","timestamp":"2025-06-24T05:30:16.651Z"}
{"level":"info","message":"Token decoded successfully","timestamp":"2025-06-24T05:30:20.225Z","userId":"685646e5cc0deff29d3c83ea"}
{"level":"info","message":"Token decoded successfully","timestamp":"2025-06-24T05:30:20.228Z","userId":"685646e5cc0deff29d3c83ea"}
{"level":"info","message":"Token decoded successfully","timestamp":"2025-06-24T05:30:20.264Z","userId":"685646e5cc0deff29d3c83ea"}
{"level":"info","message":"Token decoded successfully","timestamp":"2025-06-24T05:30:20.277Z","userId":"685646e5cc0deff29d3c83ea"}
{"level":"info","message":"Token decoded successfully","timestamp":"2025-06-24T05:30:20.290Z","userId":"685646e5cc0deff29d3c83ea"}
{"level":"info","message":"Token decoded successfully","timestamp":"2025-06-24T05:30:20.317Z","userId":"685646e5cc0deff29d3c83ea"}
{"level":"info","message":"Token decoded successfully","timestamp":"2025-06-24T05:30:20.391Z","userId":"685646e5cc0deff29d3c83ea"}
{"level":"info","message":"Token decoded successfully","timestamp":"2025-06-24T05:30:20.408Z","userId":"685646e5cc0deff29d3c83ea"}
{"level":"info","message":"Token decoded successfully","timestamp":"2025-06-24T05:30:20.428Z","userId":"685646e5cc0deff29d3c83ea"}
{"level":"info","message":"Token decoded successfully","timestamp":"2025-06-24T05:30:20.458Z","userId":"685646e5cc0deff29d3c83ea"}
{"level":"info","message":"Token decoded successfully","timestamp":"2025-06-24T05:30:20.462Z","userId":"685646e5cc0deff29d3c83ea"}
{"level":"info","message":"Token decoded successfully","timestamp":"2025-06-24T05:30:34.754Z","userId":"685646e5cc0deff29d3c83ea"}
{"level":"info","message":"Token decoded successfully","timestamp":"2025-06-24T05:30:34.769Z","userId":"685646e5cc0deff29d3c83ea"}
{"level":"info","message":"Token decoded successfully","timestamp":"2025-06-24T05:30:34.774Z","userId":"685646e5cc0deff29d3c83ea"}
{"level":"info","message":"Token decoded successfully","timestamp":"2025-06-24T05:30:34.785Z","userId":"685646e5cc0deff29d3c83ea"}
{"level":"info","message":"Token decoded successfully","timestamp":"2025-06-24T05:30:34.821Z","userId":"685646e5cc0deff29d3c83ea"}
{"level":"info","message":"Token decoded successfully","timestamp":"2025-06-24T05:30:34.905Z","userId":"685646e5cc0deff29d3c83ea"}
{"level":"info","message":"Token decoded successfully","timestamp":"2025-06-24T05:30:34.959Z","userId":"685646e5cc0deff29d3c83ea"}
{"level":"info","message":"Token decoded successfully","timestamp":"2025-06-24T05:30:35.004Z","userId":"685646e5cc0deff29d3c83ea"}
{"level":"info","message":"Token decoded successfully","timestamp":"2025-06-24T05:30:39.470Z","userId":"685646e5cc0deff29d3c83ea"}
{"level":"info","message":"[2025-06-24T05:30:39.501Z] Fetched skills for user 685646e5cc0deff29d3c83ea","timestamp":"2025-06-24T05:30:39.501Z"}
{"level":"info","message":"Token decoded successfully","timestamp":"2025-06-24T05:30:39.696Z","userId":"685646e5cc0deff29d3c83ea"}
{"level":"info","message":"Token decoded successfully","timestamp":"2025-06-24T05:30:39.703Z","userId":"685646e5cc0deff29d3c83ea"}
{"level":"info","message":"Token decoded successfully","timestamp":"2025-06-24T05:30:39.714Z","userId":"685646e5cc0deff29d3c83ea"}
{"level":"info","message":"[2025-06-24T05:30:39.769Z] Fetched chart data for user 685646e5cc0deff29d3c83ea","timestamp":"2025-06-24T05:30:39.769Z"}
{"level":"info","message":"[2025-06-24T05:30:39.775Z] Fetched skill plan for user 685646e5cc0deff29d3c83ea","timestamp":"2025-06-24T05:30:39.775Z"}
{"level":"info","message":"Token decoded successfully","timestamp":"2025-06-24T05:30:39.781Z","userId":"685646e5cc0deff29d3c83ea"}
{"level":"info","message":"[2025-06-24T05:30:39.789Z] Fetched skills for user 685646e5cc0deff29d3c83ea","timestamp":"2025-06-24T05:30:39.789Z"}
{"level":"info","message":"Token decoded successfully","timestamp":"2025-06-24T05:30:39.798Z","userId":"685646e5cc0deff29d3c83ea"}
{"level":"info","message":"Token decoded successfully","timestamp":"2025-06-24T05:30:39.853Z","userId":"685646e5cc0deff29d3c83ea"}
{"level":"info","message":"[2025-06-24T05:30:39.875Z] Fetched chart data for user 685646e5cc0deff29d3c83ea","timestamp":"2025-06-24T05:30:39.875Z"}
{"level":"info","message":"[2025-06-24T05:30:39.881Z] Fetched analytics for user 685646e5cc0deff29d3c83ea","timestamp":"2025-06-24T05:30:39.881Z"}
{"level":"info","message":"[2025-06-24T05:30:39.902Z] Fetched skill plan for user 685646e5cc0deff29d3c83ea","timestamp":"2025-06-24T05:30:39.902Z"}
{"level":"info","message":"Token decoded successfully","timestamp":"2025-06-24T05:30:39.915Z","userId":"685646e5cc0deff29d3c83ea"}
{"level":"info","message":"[2025-06-24T05:30:39.931Z] Fetched analytics for user 685646e5cc0deff29d3c83ea","timestamp":"2025-06-24T05:30:39.931Z"}
{"level":"info","message":"Token decoded successfully","timestamp":"2025-06-24T05:38:44.288Z","userId":"685646e5cc0deff29d3c83ea"}
{"level":"info","message":"Token decoded successfully","timestamp":"2025-06-24T05:38:44.427Z","userId":"685646e5cc0deff29d3c83ea"}
{"level":"info","message":"Token decoded successfully","timestamp":"2025-06-24T05:38:44.460Z","userId":"685646e5cc0deff29d3c83ea"}
{"level":"info","message":"Token decoded successfully","timestamp":"2025-06-24T05:38:44.562Z","userId":"685646e5cc0deff29d3c83ea"}
{"level":"info","message":"Token decoded successfully","timestamp":"2025-06-24T05:38:44.577Z","userId":"685646e5cc0deff29d3c83ea"}
{"level":"info","message":"Token decoded successfully","timestamp":"2025-06-24T05:38:44.593Z","userId":"685646e5cc0deff29d3c83ea"}
{"level":"info","message":"Token decoded successfully","timestamp":"2025-06-24T05:38:44.795Z","userId":"685646e5cc0deff29d3c83ea"}
{"level":"info","message":"Token decoded successfully","timestamp":"2025-06-24T05:38:44.836Z","userId":"685646e5cc0deff29d3c83ea"}
{"level":"info","message":"Token decoded successfully","timestamp":"2025-06-24T05:38:44.888Z","userId":"685646e5cc0deff29d3c83ea"}
{"level":"info","message":"Token decoded successfully","timestamp":"2025-06-24T05:38:44.946Z","userId":"685646e5cc0deff29d3c83ea"}
{"level":"info","message":"Token decoded successfully","timestamp":"2025-06-24T05:38:45.044Z","userId":"685646e5cc0deff29d3c83ea"}
{"level":"info","message":"Token decoded successfully","timestamp":"2025-06-24T05:39:11.480Z","userId":"685646e5cc0deff29d3c83ea"}
{"level":"info","message":"[2025-06-24T05:39:11.516Z] Fetched skills for user 685646e5cc0deff29d3c83ea","timestamp":"2025-06-24T05:39:11.516Z"}
{"level":"info","message":"Token decoded successfully","timestamp":"2025-06-24T05:39:11.546Z","userId":"685646e5cc0deff29d3c83ea"}
{"level":"info","message":"[2025-06-24T05:39:11.654Z] Fetched skills for user 685646e5cc0deff29d3c83ea","timestamp":"2025-06-24T05:39:11.654Z"}
{"level":"info","message":"Token decoded successfully","timestamp":"2025-06-24T05:49:13.870Z","userId":"685646e5cc0deff29d3c83ea"}
{"level":"info","message":"[2025-06-24T05:49:13.894Z] Fetched skills for user 685646e5cc0deff29d3c83ea","timestamp":"2025-06-24T05:49:13.895Z"}
{"level":"info","message":"Token decoded successfully","timestamp":"2025-06-24T05:49:13.917Z","userId":"685646e5cc0deff29d3c83ea"}
{"level":"info","message":"[2025-06-24T05:49:13.954Z] Fetched skills for user 685646e5cc0deff29d3c83ea","timestamp":"2025-06-24T05:49:13.954Z"}
{"level":"info","message":"Token decoded successfully","timestamp":"2025-06-24T05:49:24.882Z","userId":"685646e5cc0deff29d3c83ea"}
{"level":"info","message":"Token decoded successfully","timestamp":"2025-06-24T05:49:24.908Z","userId":"685646e5cc0deff29d3c83ea"}
{"level":"info","message":"Token decoded successfully","timestamp":"2025-06-24T05:49:24.921Z","userId":"685646e5cc0deff29d3c83ea"}
{"level":"info","message":"Token decoded successfully","timestamp":"2025-06-24T05:49:24.964Z","userId":"685646e5cc0deff29d3c83ea"}
{"level":"info","message":"Token decoded successfully","timestamp":"2025-06-24T05:49:24.971Z","userId":"685646e5cc0deff29d3c83ea"}
{"level":"info","message":"Token decoded successfully","timestamp":"2025-06-24T05:49:24.980Z","userId":"685646e5cc0deff29d3c83ea"}
{"level":"info","message":"Token decoded successfully","timestamp":"2025-06-24T05:49:25.057Z","userId":"685646e5cc0deff29d3c83ea"}
{"level":"info","message":"Token decoded successfully","timestamp":"2025-06-24T05:49:25.069Z","userId":"685646e5cc0deff29d3c83ea"}
{"level":"info","message":"Token decoded successfully","timestamp":"2025-06-24T05:49:25.089Z","userId":"685646e5cc0deff29d3c83ea"}
{"level":"info","message":"Token decoded successfully","timestamp":"2025-06-24T05:49:25.102Z","userId":"685646e5cc0deff29d3c83ea"}
{"level":"info","message":"Token decoded successfully","timestamp":"2025-06-24T05:49:25.125Z","userId":"685646e5cc0deff29d3c83ea"}
{"level":"info","message":"Token decoded successfully","timestamp":"2025-06-24T05:49:39.322Z","userId":"685646e5cc0deff29d3c83ea"}
{"level":"info","message":"Token decoded successfully","timestamp":"2025-06-24T05:49:39.327Z","userId":"685646e5cc0deff29d3c83ea"}
{"level":"info","message":"Token decoded successfully","timestamp":"2025-06-24T05:49:39.333Z","userId":"685646e5cc0deff29d3c83ea"}
{"level":"info","message":"Token decoded successfully","timestamp":"2025-06-24T05:49:39.338Z","userId":"685646e5cc0deff29d3c83ea"}
{"level":"info","message":"[2025-06-24T05:49:39.359Z] Fetched skills for user 685646e5cc0deff29d3c83ea","timestamp":"2025-06-24T05:49:39.359Z"}
{"level":"info","message":"[2025-06-24T05:49:39.368Z] Fetched chart data for user 685646e5cc0deff29d3c83ea","timestamp":"2025-06-24T05:49:39.368Z"}
{"level":"info","message":"[2025-06-24T05:49:39.373Z] Fetched analytics for user 685646e5cc0deff29d3c83ea","timestamp":"2025-06-24T05:49:39.373Z"}
{"level":"info","message":"[2025-06-24T05:49:39.381Z] Fetched skill plan for user 685646e5cc0deff29d3c83ea","timestamp":"2025-06-24T05:49:39.381Z"}
{"level":"info","message":"Token decoded successfully","timestamp":"2025-06-24T05:49:39.386Z","userId":"685646e5cc0deff29d3c83ea"}
{"level":"info","message":"Token decoded successfully","timestamp":"2025-06-24T05:49:39.399Z","userId":"685646e5cc0deff29d3c83ea"}
{"level":"info","message":"Token decoded successfully","timestamp":"2025-06-24T05:49:39.430Z","userId":"685646e5cc0deff29d3c83ea"}
{"level":"info","message":"Token decoded successfully","timestamp":"2025-06-24T05:49:39.437Z","userId":"685646e5cc0deff29d3c83ea"}
{"level":"info","message":"[2025-06-24T05:49:39.456Z] Fetched skills for user 685646e5cc0deff29d3c83ea","timestamp":"2025-06-24T05:49:39.456Z"}
{"level":"info","message":"[2025-06-24T05:49:39.463Z] Fetched chart data for user 685646e5cc0deff29d3c83ea","timestamp":"2025-06-24T05:49:39.463Z"}
{"level":"info","message":"[2025-06-24T05:49:39.465Z] Fetched analytics for user 685646e5cc0deff29d3c83ea","timestamp":"2025-06-24T05:49:39.465Z"}
{"level":"info","message":"[2025-06-24T05:49:39.474Z] Fetched skill plan for user 685646e5cc0deff29d3c83ea","timestamp":"2025-06-24T05:49:39.474Z"}
{"level":"info","message":"[2025-06-24T11:14:49.443Z] ✅ Route /api/auth attached successfully","timestamp":"2025-06-24T11:14:49.445Z"}
{"level":"info","message":"[2025-06-24T11:14:49.480Z] ✅ Route /api/profile attached successfully","timestamp":"2025-06-24T11:14:49.480Z"}
{"level":"info","message":"[2025-06-24T11:14:49.497Z] ✅ Route /api/skills attached successfully","timestamp":"2025-06-24T11:14:49.497Z"}
{"level":"info","message":"[2025-06-24T11:14:49.498Z] ✅ Route /api/tasks attached successfully","timestamp":"2025-06-24T11:14:49.498Z"}
{"level":"info","message":"[2025-06-24T11:14:49.498Z] ✅ Route /api/users attached successfully","timestamp":"2025-06-24T11:14:49.498Z"}
{"level":"info","message":"[2025-06-24T11:14:49.511Z] ✅ Route /api/analytics attached successfully","timestamp":"2025-06-24T11:14:49.511Z"}
{"level":"info","message":"[2025-06-24T11:14:49.512Z] ✅ Route /api/adaptiveLearning attached successfully","timestamp":"2025-06-24T11:14:49.512Z"}
{"level":"info","message":"[2025-06-24T11:14:49.513Z] MongoDB URI: mongodb://127.0.0.1:27017/learno_db","timestamp":"2025-06-24T11:14:49.513Z"}
{"level":"info","message":"[2025-06-24T11:14:49.836Z] ✅ MongoDB Connected","timestamp":"2025-06-24T11:14:49.836Z"}
{"level":"info","message":"[2025-06-24T11:14:49.848Z] 🚀 Server running on port 5000","timestamp":"2025-06-24T11:14:49.848Z"}
{"level":"info","message":"Token decoded successfully","timestamp":"2025-06-24T11:15:37.449Z","userId":"685646e5cc0deff29d3c83ea"}
{"level":"info","message":"[2025-06-24T11:15:37.481Z] Fetched skills for user 685646e5cc0deff29d3c83ea","timestamp":"2025-06-24T11:15:37.481Z"}
{"level":"info","message":"Token decoded successfully","timestamp":"2025-06-24T11:15:37.491Z","userId":"685646e5cc0deff29d3c83ea"}
{"level":"info","message":"[2025-06-24T11:15:37.511Z] Fetched skills for user 685646e5cc0deff29d3c83ea","timestamp":"2025-06-24T11:15:37.511Z"}
{"level":"info","message":"Token decoded successfully","timestamp":"2025-06-24T11:15:40.614Z","userId":"685646e5cc0deff29d3c83ea"}
{"level":"info","message":"Token decoded successfully","timestamp":"2025-06-24T11:15:40.662Z","userId":"685646e5cc0deff29d3c83ea"}
{"level":"info","message":"Token decoded successfully","timestamp":"2025-06-24T11:15:40.678Z","userId":"685646e5cc0deff29d3c83ea"}
{"level":"info","message":"Token decoded successfully","timestamp":"2025-06-24T11:15:40.684Z","userId":"685646e5cc0deff29d3c83ea"}
{"level":"info","message":"Token decoded successfully","timestamp":"2025-06-24T11:15:40.717Z","userId":"685646e5cc0deff29d3c83ea"}
{"level":"info","message":"Token decoded successfully","timestamp":"2025-06-24T11:15:40.796Z","userId":"685646e5cc0deff29d3c83ea"}
{"level":"info","message":"Token decoded successfully","timestamp":"2025-06-24T11:15:40.859Z","userId":"685646e5cc0deff29d3c83ea"}
{"level":"info","message":"Token decoded successfully","timestamp":"2025-06-24T11:15:40.864Z","userId":"685646e5cc0deff29d3c83ea"}
{"level":"info","message":"Token decoded successfully","timestamp":"2025-06-24T11:15:40.911Z","userId":"685646e5cc0deff29d3c83ea"}
{"level":"info","message":"Token decoded successfully","timestamp":"2025-06-24T11:15:40.924Z","userId":"685646e5cc0deff29d3c83ea"}
{"level":"info","message":"Token decoded successfully","timestamp":"2025-06-24T11:15:40.952Z","userId":"685646e5cc0deff29d3c83ea"}
{"level":"info","message":"Token decoded successfully","timestamp":"2025-06-24T11:15:42.095Z","userId":"685646e5cc0deff29d3c83ea"}
{"level":"info","message":"Token decoded successfully","timestamp":"2025-06-24T11:15:42.105Z","userId":"685646e5cc0deff29d3c83ea"}
{"level":"info","message":"Token decoded successfully","timestamp":"2025-06-24T11:15:42.114Z","userId":"685646e5cc0deff29d3c83ea"}
{"level":"info","message":"Token decoded successfully","timestamp":"2025-06-24T11:15:42.119Z","userId":"685646e5cc0deff29d3c83ea"}
{"level":"info","message":"[2025-06-24T11:15:42.143Z] Fetched chart data for user 685646e5cc0deff29d3c83ea","timestamp":"2025-06-24T11:15:42.143Z"}
{"level":"info","message":"[2025-06-24T11:15:42.149Z] Fetched skills for user 685646e5cc0deff29d3c83ea","timestamp":"2025-06-24T11:15:42.149Z"}
{"level":"info","message":"[2025-06-24T11:15:42.160Z] Fetched skill plan for user 685646e5cc0deff29d3c83ea","timestamp":"2025-06-24T11:15:42.160Z"}
{"level":"info","message":"Token decoded successfully","timestamp":"2025-06-24T11:15:42.166Z","userId":"685646e5cc0deff29d3c83ea"}
{"level":"info","message":"Token decoded successfully","timestamp":"2025-06-24T11:15:42.170Z","userId":"685646e5cc0deff29d3c83ea"}
{"level":"info","message":"Token decoded successfully","timestamp":"2025-06-24T11:15:42.175Z","userId":"685646e5cc0deff29d3c83ea"}
{"level":"info","message":"[2025-06-24T11:15:42.198Z] Fetched chart data for user 685646e5cc0deff29d3c83ea","timestamp":"2025-06-24T11:15:42.198Z"}
{"level":"info","message":"[2025-06-24T11:15:42.214Z] Fetched skills for user 685646e5cc0deff29d3c83ea","timestamp":"2025-06-24T11:15:42.215Z"}
{"level":"info","message":"[2025-06-24T11:15:42.227Z] Fetched analytics for user 685646e5cc0deff29d3c83ea","timestamp":"2025-06-24T11:15:42.227Z"}
{"level":"info","message":"[2025-06-24T11:15:42.232Z] Fetched skill plan for user 685646e5cc0deff29d3c83ea","timestamp":"2025-06-24T11:15:42.232Z"}
{"level":"info","message":"Token decoded successfully","timestamp":"2025-06-24T11:15:42.241Z","userId":"685646e5cc0deff29d3c83ea"}
{"level":"info","message":"[2025-06-24T11:15:42.249Z] Fetched analytics for user 685646e5cc0deff29d3c83ea","timestamp":"2025-06-24T11:15:42.249Z"}
{"level":"info","message":"Token decoded successfully","timestamp":"2025-06-24T11:27:53.531Z","userId":"685646e5cc0deff29d3c83ea"}
{"level":"info","message":"[2025-06-24T11:27:53.542Z] Fetched skills for user 685646e5cc0deff29d3c83ea","timestamp":"2025-06-24T11:27:53.542Z"}
{"level":"info","message":"Token decoded successfully","timestamp":"2025-06-24T11:27:53.550Z","userId":"685646e5cc0deff29d3c83ea"}
{"level":"info","message":"[2025-06-24T11:27:53.561Z] Fetched skills for user 685646e5cc0deff29d3c83ea","timestamp":"2025-06-24T11:27:53.561Z"}
{"level":"info","message":"Token decoded successfully","timestamp":"2025-06-24T11:50:04.632Z","userId":"685646e5cc0deff29d3c83ea"}
{"level":"info","message":"Token decoded successfully","timestamp":"2025-06-24T11:50:04.738Z","userId":"685646e5cc0deff29d3c83ea"}
{"level":"info","message":"Token decoded successfully","timestamp":"2025-06-24T11:50:04.755Z","userId":"685646e5cc0deff29d3c83ea"}
{"level":"info","message":"Token decoded successfully","timestamp":"2025-06-24T11:50:04.763Z","userId":"685646e5cc0deff29d3c83ea"}
{"level":"info","message":"[2025-06-24T11:50:04.805Z] Fetched analytics for user 685646e5cc0deff29d3c83ea","timestamp":"2025-06-24T11:50:04.805Z"}
{"level":"info","message":"[2025-06-24T11:50:04.813Z] Fetched skills for user 685646e5cc0deff29d3c83ea","timestamp":"2025-06-24T11:50:04.813Z"}
{"level":"info","message":"[2025-06-24T11:50:04.841Z] Fetched chart data for user 685646e5cc0deff29d3c83ea","timestamp":"2025-06-24T11:50:04.842Z"}
{"level":"info","message":"[2025-06-24T11:50:04.871Z] Fetched skill plan for user 685646e5cc0deff29d3c83ea","timestamp":"2025-06-24T11:50:04.871Z"}
{"level":"info","message":"Token decoded successfully","timestamp":"2025-06-24T11:50:04.880Z","userId":"685646e5cc0deff29d3c83ea"}
{"level":"info","message":"Token decoded successfully","timestamp":"2025-06-24T11:50:04.890Z","userId":"685646e5cc0deff29d3c83ea"}
{"level":"info","message":"Token decoded successfully","timestamp":"2025-06-24T11:50:04.898Z","userId":"685646e5cc0deff29d3c83ea"}
{"level":"info","message":"Token decoded successfully","timestamp":"2025-06-24T11:50:04.986Z","userId":"685646e5cc0deff29d3c83ea"}
{"level":"info","message":"[2025-06-24T11:50:05.012Z] Fetched analytics for user 685646e5cc0deff29d3c83ea","timestamp":"2025-06-24T11:50:05.016Z"}
{"level":"info","message":"[2025-06-24T11:50:05.037Z] Fetched skills for user 685646e5cc0deff29d3c83ea","timestamp":"2025-06-24T11:50:05.037Z"}
{"level":"info","message":"[2025-06-24T11:50:05.075Z] Fetched chart data for user 685646e5cc0deff29d3c83ea","timestamp":"2025-06-24T11:50:05.075Z"}
{"level":"info","message":"[2025-06-24T11:50:05.088Z] Fetched skill plan for user 685646e5cc0deff29d3c83ea","timestamp":"2025-06-24T11:50:05.088Z"}
{"level":"info","message":"Token decoded successfully","timestamp":"2025-06-24T11:50:08.228Z","userId":"685646e5cc0deff29d3c83ea"}
{"level":"info","message":"Token decoded successfully","timestamp":"2025-06-24T11:50:08.271Z","userId":"685646e5cc0deff29d3c83ea"}
{"level":"info","message":"Token decoded successfully","timestamp":"2025-06-24T11:50:08.368Z","userId":"685646e5cc0deff29d3c83ea"}
{"level":"info","message":"Token decoded successfully","timestamp":"2025-06-24T11:50:08.405Z","userId":"685646e5cc0deff29d3c83ea"}
{"level":"info","message":"Token decoded successfully","timestamp":"2025-06-24T11:50:08.424Z","userId":"685646e5cc0deff29d3c83ea"}
{"level":"info","message":"Token decoded successfully","timestamp":"2025-06-24T11:50:08.445Z","userId":"685646e5cc0deff29d3c83ea"}
{"level":"info","message":"Token decoded successfully","timestamp":"2025-06-24T11:50:08.526Z","userId":"685646e5cc0deff29d3c83ea"}
{"level":"info","message":"Token decoded successfully","timestamp":"2025-06-24T11:50:08.543Z","userId":"685646e5cc0deff29d3c83ea"}
{"level":"info","message":"Token decoded successfully","timestamp":"2025-06-24T11:50:08.579Z","userId":"685646e5cc0deff29d3c83ea"}
{"level":"info","message":"Token decoded successfully","timestamp":"2025-06-24T11:50:08.619Z","userId":"685646e5cc0deff29d3c83ea"}
{"level":"info","message":"Token decoded successfully","timestamp":"2025-06-24T11:50:08.636Z","userId":"685646e5cc0deff29d3c83ea"}
{"level":"info","message":"Token decoded successfully","timestamp":"2025-06-24T11:50:42.536Z","userId":"685646e5cc0deff29d3c83ea"}
{"level":"info","message":"[2025-06-24T11:50:42.550Z] Fetched skills for user 685646e5cc0deff29d3c83ea","timestamp":"2025-06-24T11:50:42.550Z"}
{"level":"info","message":"Token decoded successfully","timestamp":"2025-06-24T11:50:42.555Z","userId":"685646e5cc0deff29d3c83ea"}
{"level":"info","message":"[2025-06-24T11:50:42.572Z] Fetched skills for user 685646e5cc0deff29d3c83ea","timestamp":"2025-06-24T11:50:42.572Z"}
{"level":"info","message":"Token decoded successfully","timestamp":"2025-06-24T11:50:44.265Z","userId":"685646e5cc0deff29d3c83ea"}
{"level":"info","message":"Token decoded successfully","timestamp":"2025-06-24T11:50:44.280Z","userId":"685646e5cc0deff29d3c83ea"}
{"level":"info","message":"Token decoded successfully","timestamp":"2025-06-24T11:50:44.287Z","userId":"685646e5cc0deff29d3c83ea"}
{"level":"info","message":"Token decoded successfully","timestamp":"2025-06-24T11:50:44.293Z","userId":"685646e5cc0deff29d3c83ea"}
{"level":"info","message":"Token decoded successfully","timestamp":"2025-06-24T11:50:44.333Z","userId":"685646e5cc0deff29d3c83ea"}
{"level":"info","message":"Token decoded successfully","timestamp":"2025-06-24T11:50:44.340Z","userId":"685646e5cc0deff29d3c83ea"}
{"level":"info","message":"Token decoded successfully","timestamp":"2025-06-24T11:50:44.442Z","userId":"685646e5cc0deff29d3c83ea"}
{"level":"info","message":"Token decoded successfully","timestamp":"2025-06-24T11:50:44.488Z","userId":"685646e5cc0deff29d3c83ea"}
{"level":"info","message":"Token decoded successfully","timestamp":"2025-06-24T11:50:55.212Z","userId":"685646e5cc0deff29d3c83ea"}
{"level":"info","message":"Token decoded successfully","timestamp":"2025-06-24T11:50:55.216Z","userId":"685646e5cc0deff29d3c83ea"}
{"level":"info","message":"Token decoded successfully","timestamp":"2025-06-24T11:50:55.223Z","userId":"685646e5cc0deff29d3c83ea"}
{"level":"info","message":"Token decoded successfully","timestamp":"2025-06-24T11:50:55.227Z","userId":"685646e5cc0deff29d3c83ea"}
{"level":"info","message":"[2025-06-24T11:50:55.242Z] Fetched skills for user 685646e5cc0deff29d3c83ea","timestamp":"2025-06-24T11:50:55.242Z"}
{"level":"info","message":"[2025-06-24T11:50:55.247Z] Fetched chart data for user 685646e5cc0deff29d3c83ea","timestamp":"2025-06-24T11:50:55.247Z"}
{"level":"info","message":"[2025-06-24T11:50:55.250Z] Fetched skill plan for user 685646e5cc0deff29d3c83ea","timestamp":"2025-06-24T11:50:55.250Z"}
{"level":"info","message":"[2025-06-24T11:50:55.252Z] Fetched analytics for user 685646e5cc0deff29d3c83ea","timestamp":"2025-06-24T11:50:55.252Z"}
{"level":"info","message":"Token decoded successfully","timestamp":"2025-06-24T11:50:55.257Z","userId":"685646e5cc0deff29d3c83ea"}
{"level":"info","message":"Token decoded successfully","timestamp":"2025-06-24T11:50:55.260Z","userId":"685646e5cc0deff29d3c83ea"}
{"level":"info","message":"Token decoded successfully","timestamp":"2025-06-24T11:50:55.262Z","userId":"685646e5cc0deff29d3c83ea"}
{"level":"info","message":"Token decoded successfully","timestamp":"2025-06-24T11:50:55.266Z","userId":"685646e5cc0deff29d3c83ea"}
{"level":"info","message":"[2025-06-24T11:50:55.277Z] Fetched skills for user 685646e5cc0deff29d3c83ea","timestamp":"2025-06-24T11:50:55.277Z"}
{"level":"info","message":"[2025-06-24T11:50:55.280Z] Fetched chart data for user 685646e5cc0deff29d3c83ea","timestamp":"2025-06-24T11:50:55.280Z"}
{"level":"info","message":"[2025-06-24T11:50:55.283Z] Fetched analytics for user 685646e5cc0deff29d3c83ea","timestamp":"2025-06-24T11:50:55.283Z"}
{"level":"info","message":"[2025-06-24T11:50:55.287Z] Fetched skill plan for user 685646e5cc0deff29d3c83ea","timestamp":"2025-06-24T11:50:55.287Z"}
{"level":"info","message":"Token decoded successfully","timestamp":"2025-06-24T11:50:59.964Z","userId":"685646e5cc0deff29d3c83ea"}
{"level":"info","message":"[2025-06-24T11:50:59.969Z] Fetched skills for user 685646e5cc0deff29d3c83ea","timestamp":"2025-06-24T11:50:59.969Z"}
{"level":"info","message":"Token decoded successfully","timestamp":"2025-06-24T11:51:13.692Z","userId":"685646e5cc0deff29d3c83ea"}
{"level":"info","message":"[2025-06-24T11:51:13.702Z] Fetched skills for user 685646e5cc0deff29d3c83ea","timestamp":"2025-06-24T11:51:13.702Z"}
{"level":"info","message":"Token decoded successfully","timestamp":"2025-06-24T11:51:13.751Z","userId":"685646e5cc0deff29d3c83ea"}
{"level":"info","message":"[2025-06-24T11:51:13.777Z] Skill added: hond (ID: c5cfbad1-688c-4a4c-9068-b21195656aa5) for user 685646e5cc0deff29d3c83ea","timestamp":"2025-06-24T11:51:13.777Z"}
{"level":"info","message":"Token decoded successfully","timestamp":"2025-06-24T11:51:13.954Z","userId":"685646e5cc0deff29d3c83ea"}
{"level":"info","message":"[2025-06-24T11:51:13.964Z] Fetched skills for user 685646e5cc0deff29d3c83ea","timestamp":"2025-06-24T11:51:13.964Z"}
{"level":"info","message":"Token decoded successfully","timestamp":"2025-06-24T11:55:08.773Z","userId":"685646e5cc0deff29d3c83ea"}
{"level":"info","message":"Token decoded successfully","timestamp":"2025-06-24T11:55:08.826Z","userId":"685646e5cc0deff29d3c83ea"}
{"level":"info","message":"Token decoded successfully","timestamp":"2025-06-24T11:55:08.848Z","userId":"685646e5cc0deff29d3c83ea"}
{"level":"info","message":"Token decoded successfully","timestamp":"2025-06-24T11:55:08.900Z","userId":"685646e5cc0deff29d3c83ea"}
{"level":"info","message":"Token decoded successfully","timestamp":"2025-06-24T11:55:08.911Z","userId":"685646e5cc0deff29d3c83ea"}
{"level":"info","message":"Token decoded successfully","timestamp":"2025-06-24T11:55:08.920Z","userId":"685646e5cc0deff29d3c83ea"}
{"level":"info","message":"Token decoded successfully","timestamp":"2025-06-24T11:55:09.057Z","userId":"685646e5cc0deff29d3c83ea"}
{"level":"info","message":"Token decoded successfully","timestamp":"2025-06-24T11:55:09.094Z","userId":"685646e5cc0deff29d3c83ea"}
{"level":"info","message":"Token decoded successfully","timestamp":"2025-06-24T11:55:09.134Z","userId":"685646e5cc0deff29d3c83ea"}
{"level":"info","message":"Token decoded successfully","timestamp":"2025-06-24T11:55:09.165Z","userId":"685646e5cc0deff29d3c83ea"}
{"level":"info","message":"Token decoded successfully","timestamp":"2025-06-24T11:55:09.170Z","userId":"685646e5cc0deff29d3c83ea"}
{"level":"info","message":"Token decoded successfully","timestamp":"2025-06-24T12:04:48.955Z","userId":"685646e5cc0deff29d3c83ea"}
{"level":"info","message":"Token decoded successfully","timestamp":"2025-06-24T12:04:49.111Z","userId":"685646e5cc0deff29d3c83ea"}
{"level":"info","message":"Token decoded successfully","timestamp":"2025-06-24T12:04:49.224Z","userId":"685646e5cc0deff29d3c83ea"}
{"level":"info","message":"Token decoded successfully","timestamp":"2025-06-24T12:04:49.871Z","userId":"685646e5cc0deff29d3c83ea"}
{"level":"info","message":"Token decoded successfully","timestamp":"2025-06-24T12:04:49.900Z","userId":"685646e5cc0deff29d3c83ea"}
{"level":"info","message":"Token decoded successfully","timestamp":"2025-06-24T12:04:50.079Z","userId":"685646e5cc0deff29d3c83ea"}
{"level":"info","message":"Token decoded successfully","timestamp":"2025-06-24T12:04:50.148Z","userId":"685646e5cc0deff29d3c83ea"}
{"level":"info","message":"Token decoded successfully","timestamp":"2025-06-24T12:04:56.784Z","userId":"685646e5cc0deff29d3c83ea"}
{"level":"info","message":"Token decoded successfully","timestamp":"2025-06-24T12:04:56.802Z","userId":"685646e5cc0deff29d3c83ea"}
{"level":"info","message":"Token decoded successfully","timestamp":"2025-06-24T12:04:56.811Z","userId":"685646e5cc0deff29d3c83ea"}
{"level":"info","message":"Token decoded successfully","timestamp":"2025-06-24T12:04:56.819Z","userId":"685646e5cc0deff29d3c83ea"}
{"level":"info","message":"[2025-06-24T12:04:56.850Z] Fetched skill plan for user 685646e5cc0deff29d3c83ea","timestamp":"2025-06-24T12:04:56.850Z"}
{"level":"info","message":"[2025-06-24T12:04:56.874Z] Fetched skills for user 685646e5cc0deff29d3c83ea","timestamp":"2025-06-24T12:04:56.874Z"}
{"level":"info","message":"[2025-06-24T12:04:56.885Z] Fetched chart data for user 685646e5cc0deff29d3c83ea","timestamp":"2025-06-24T12:04:56.885Z"}
{"level":"info","message":"[2025-06-24T12:04:56.985Z] Fetched analytics for user 685646e5cc0deff29d3c83ea","timestamp":"2025-06-24T12:04:56.985Z"}
{"level":"info","message":"Token decoded successfully","timestamp":"2025-06-24T12:04:57.003Z","userId":"685646e5cc0deff29d3c83ea"}
{"level":"info","message":"Token decoded successfully","timestamp":"2025-06-24T12:04:57.020Z","userId":"685646e5cc0deff29d3c83ea"}
{"level":"info","message":"Token decoded successfully","timestamp":"2025-06-24T12:04:57.035Z","userId":"685646e5cc0deff29d3c83ea"}
{"level":"info","message":"Token decoded successfully","timestamp":"2025-06-24T12:04:57.087Z","userId":"685646e5cc0deff29d3c83ea"}
{"level":"info","message":"[2025-06-24T12:04:57.220Z] Fetched skills for user 685646e5cc0deff29d3c83ea","timestamp":"2025-06-24T12:04:57.220Z"}
{"level":"info","message":"[2025-06-24T12:04:57.225Z] Fetched skill plan for user 685646e5cc0deff29d3c83ea","timestamp":"2025-06-24T12:04:57.225Z"}
{"level":"info","message":"[2025-06-24T12:04:57.239Z] Fetched chart data for user 685646e5cc0deff29d3c83ea","timestamp":"2025-06-24T12:04:57.239Z"}
{"level":"info","message":"[2025-06-24T12:04:57.242Z] Fetched analytics for user 685646e5cc0deff29d3c83ea","timestamp":"2025-06-24T12:04:57.242Z"}
{"level":"info","message":"Token decoded successfully","timestamp":"2025-06-24T12:05:00.155Z","userId":"685646e5cc0deff29d3c83ea"}
{"level":"info","message":"Token decoded successfully","timestamp":"2025-06-24T12:05:00.178Z","userId":"685646e5cc0deff29d3c83ea"}
{"level":"info","message":"Token decoded successfully","timestamp":"2025-06-24T12:05:00.190Z","userId":"685646e5cc0deff29d3c83ea"}
{"level":"info","message":"Token decoded successfully","timestamp":"2025-06-24T12:05:00.194Z","userId":"685646e5cc0deff29d3c83ea"}
{"level":"info","message":"Token decoded successfully","timestamp":"2025-06-24T12:05:00.224Z","userId":"685646e5cc0deff29d3c83ea"}
{"level":"info","message":"Token decoded successfully","timestamp":"2025-06-24T12:05:00.235Z","userId":"685646e5cc0deff29d3c83ea"}
{"level":"info","message":"Token decoded successfully","timestamp":"2025-06-24T12:05:00.388Z","userId":"685646e5cc0deff29d3c83ea"}
{"level":"info","message":"Token decoded successfully","timestamp":"2025-06-24T12:05:00.503Z","userId":"685646e5cc0deff29d3c83ea"}
{"level":"info","message":"Token decoded successfully","timestamp":"2025-06-24T12:05:21.498Z","userId":"685646e5cc0deff29d3c83ea"}
{"level":"info","message":"Token decoded successfully","timestamp":"2025-06-24T12:05:25.823Z","userId":"685646e5cc0deff29d3c83ea"}
{"level":"info","message":"Token decoded successfully","timestamp":"2025-06-24T12:13:52.691Z","userId":"685646e5cc0deff29d3c83ea"}
{"level":"info","message":"Token decoded successfully","timestamp":"2025-06-24T12:13:52.711Z","userId":"685646e5cc0deff29d3c83ea"}
{"level":"info","message":"Token decoded successfully","timestamp":"2025-06-24T12:13:52.722Z","userId":"685646e5cc0deff29d3c83ea"}
{"level":"info","message":"Token decoded successfully","timestamp":"2025-06-24T12:13:52.763Z","userId":"685646e5cc0deff29d3c83ea"}
{"level":"info","message":"Token decoded successfully","timestamp":"2025-06-24T12:13:52.768Z","userId":"685646e5cc0deff29d3c83ea"}
{"level":"info","message":"Token decoded successfully","timestamp":"2025-06-24T12:13:52.777Z","userId":"685646e5cc0deff29d3c83ea"}
{"level":"info","message":"Token decoded successfully","timestamp":"2025-06-24T12:13:52.854Z","userId":"685646e5cc0deff29d3c83ea"}
{"level":"info","message":"Token decoded successfully","timestamp":"2025-06-24T12:13:52.858Z","userId":"685646e5cc0deff29d3c83ea"}
{"level":"info","message":"Token decoded successfully","timestamp":"2025-06-24T12:13:52.875Z","userId":"685646e5cc0deff29d3c83ea"}
{"level":"info","message":"Token decoded successfully","timestamp":"2025-06-24T12:13:52.883Z","userId":"685646e5cc0deff29d3c83ea"}
{"level":"info","message":"Token decoded successfully","timestamp":"2025-06-24T12:13:52.902Z","userId":"685646e5cc0deff29d3c83ea"}
{"level":"info","message":"Token decoded successfully","timestamp":"2025-06-24T12:13:55.367Z","userId":"685646e5cc0deff29d3c83ea"}
{"level":"info","message":"Token decoded successfully","timestamp":"2025-06-24T12:13:55.381Z","userId":"685646e5cc0deff29d3c83ea"}
{"level":"info","message":"Token decoded successfully","timestamp":"2025-06-24T12:13:55.390Z","userId":"685646e5cc0deff29d3c83ea"}
{"level":"info","message":"Token decoded successfully","timestamp":"2025-06-24T12:13:55.394Z","userId":"685646e5cc0deff29d3c83ea"}
{"level":"info","message":"Token decoded successfully","timestamp":"2025-06-24T12:13:55.418Z","userId":"685646e5cc0deff29d3c83ea"}
{"level":"info","message":"Token decoded successfully","timestamp":"2025-06-24T12:13:55.423Z","userId":"685646e5cc0deff29d3c83ea"}
{"level":"info","message":"Token decoded successfully","timestamp":"2025-06-24T12:13:55.517Z","userId":"685646e5cc0deff29d3c83ea"}
{"level":"info","message":"Token decoded successfully","timestamp":"2025-06-24T12:13:55.593Z","userId":"685646e5cc0deff29d3c83ea"}
{"level":"info","message":"Token decoded successfully","timestamp":"2025-06-24T12:13:59.534Z","userId":"685646e5cc0deff29d3c83ea"}
{"level":"info","message":"Token decoded successfully","timestamp":"2025-06-24T12:13:59.551Z","userId":"685646e5cc0deff29d3c83ea"}
{"level":"info","message":"Token decoded successfully","timestamp":"2025-06-24T12:13:59.555Z","userId":"685646e5cc0deff29d3c83ea"}
{"level":"info","message":"Token decoded successfully","timestamp":"2025-06-24T12:13:59.558Z","userId":"685646e5cc0deff29d3c83ea"}
{"level":"info","message":"[2025-06-24T12:13:59.560Z] Fetched skills for user 685646e5cc0deff29d3c83ea","timestamp":"2025-06-24T12:13:59.560Z"}
{"level":"info","message":"Token decoded successfully","timestamp":"2025-06-24T12:13:59.575Z","userId":"685646e5cc0deff29d3c83ea"}
{"level":"info","message":"[2025-06-24T12:13:59.584Z] Fetched chart data for user 685646e5cc0deff29d3c83ea","timestamp":"2025-06-24T12:13:59.584Z"}
{"level":"info","message":"[2025-06-24T12:13:59.590Z] Fetched skill plan for user 685646e5cc0deff29d3c83ea","timestamp":"2025-06-24T12:13:59.590Z"}
{"level":"info","message":"[2025-06-24T12:13:59.598Z] Fetched analytics for user 685646e5cc0deff29d3c83ea","timestamp":"2025-06-24T12:13:59.598Z"}
{"level":"info","message":"Token decoded successfully","timestamp":"2025-06-24T12:13:59.605Z","userId":"685646e5cc0deff29d3c83ea"}
{"level":"info","message":"Token decoded successfully","timestamp":"2025-06-24T12:13:59.614Z","userId":"685646e5cc0deff29d3c83ea"}
{"level":"info","message":"Token decoded successfully","timestamp":"2025-06-24T12:13:59.634Z","userId":"685646e5cc0deff29d3c83ea"}
{"level":"info","message":"[2025-06-24T12:13:59.644Z] Fetched skills for user 685646e5cc0deff29d3c83ea","timestamp":"2025-06-24T12:13:59.645Z"}
{"level":"info","message":"[2025-06-24T12:13:59.670Z] Fetched chart data for user 685646e5cc0deff29d3c83ea","timestamp":"2025-06-24T12:13:59.670Z"}
{"level":"info","message":"[2025-06-24T12:13:59.673Z] Fetched skill plan for user 685646e5cc0deff29d3c83ea","timestamp":"2025-06-24T12:13:59.673Z"}
{"level":"info","message":"[2025-06-24T12:13:59.676Z] Fetched analytics for user 685646e5cc0deff29d3c83ea","timestamp":"2025-06-24T12:13:59.676Z"}
{"level":"info","message":"Token decoded successfully","timestamp":"2025-06-24T12:18:38.930Z","userId":"685646e5cc0deff29d3c83ea"}
{"level":"info","message":"Token decoded successfully","timestamp":"2025-06-24T12:18:38.938Z","userId":"685646e5cc0deff29d3c83ea"}
{"level":"info","message":"Token decoded successfully","timestamp":"2025-06-24T12:18:38.950Z","userId":"685646e5cc0deff29d3c83ea"}
{"level":"info","message":"Token decoded successfully","timestamp":"2025-06-24T12:18:38.988Z","userId":"685646e5cc0deff29d3c83ea"}
{"level":"info","message":"Token decoded successfully","timestamp":"2025-06-24T12:18:38.992Z","userId":"685646e5cc0deff29d3c83ea"}
{"level":"info","message":"Token decoded successfully","timestamp":"2025-06-24T12:18:38.999Z","userId":"685646e5cc0deff29d3c83ea"}
{"level":"info","message":"Token decoded successfully","timestamp":"2025-06-24T12:18:39.060Z","userId":"685646e5cc0deff29d3c83ea"}
{"level":"info","message":"Token decoded successfully","timestamp":"2025-06-24T12:18:39.091Z","userId":"685646e5cc0deff29d3c83ea"}
{"level":"info","message":"Token decoded successfully","timestamp":"2025-06-24T12:18:39.109Z","userId":"685646e5cc0deff29d3c83ea"}
{"level":"info","message":"Token decoded successfully","timestamp":"2025-06-24T12:18:39.115Z","userId":"685646e5cc0deff29d3c83ea"}
{"level":"info","message":"Token decoded successfully","timestamp":"2025-06-24T12:18:39.137Z","userId":"685646e5cc0deff29d3c83ea"}
{"level":"info","message":"Token decoded successfully","timestamp":"2025-06-24T12:22:11.988Z","userId":"685646e5cc0deff29d3c83ea"}
{"level":"info","message":"Token decoded successfully","timestamp":"2025-06-24T12:22:12.011Z","userId":"685646e5cc0deff29d3c83ea"}
{"level":"info","message":"Token decoded successfully","timestamp":"2025-06-24T12:22:12.033Z","userId":"685646e5cc0deff29d3c83ea"}
{"level":"info","message":"Token decoded successfully","timestamp":"2025-06-24T12:22:12.052Z","userId":"685646e5cc0deff29d3c83ea"}
{"level":"info","message":"Token decoded successfully","timestamp":"2025-06-24T12:22:12.096Z","userId":"685646e5cc0deff29d3c83ea"}
{"level":"info","message":"Token decoded successfully","timestamp":"2025-06-24T12:22:12.107Z","userId":"685646e5cc0deff29d3c83ea"}
{"level":"info","message":"Token decoded successfully","timestamp":"2025-06-24T12:22:12.223Z","userId":"685646e5cc0deff29d3c83ea"}
{"level":"info","message":"Token decoded successfully","timestamp":"2025-06-24T12:22:12.238Z","userId":"685646e5cc0deff29d3c83ea"}
{"level":"info","message":"Token decoded successfully","timestamp":"2025-06-24T12:22:12.257Z","userId":"685646e5cc0deff29d3c83ea"}
{"level":"info","message":"Token decoded successfully","timestamp":"2025-06-24T12:22:12.274Z","userId":"685646e5cc0deff29d3c83ea"}
{"level":"info","message":"Token decoded successfully","timestamp":"2025-06-24T12:22:12.309Z","userId":"685646e5cc0deff29d3c83ea"}
{"level":"info","message":"Token decoded successfully","timestamp":"2025-06-24T12:22:15.353Z","userId":"685646e5cc0deff29d3c83ea"}
{"level":"info","message":"Token decoded successfully","timestamp":"2025-06-24T12:22:15.358Z","userId":"685646e5cc0deff29d3c83ea"}
{"level":"info","message":"Token decoded successfully","timestamp":"2025-06-24T12:22:15.363Z","userId":"685646e5cc0deff29d3c83ea"}
{"level":"info","message":"Token decoded successfully","timestamp":"2025-06-24T12:22:15.366Z","userId":"685646e5cc0deff29d3c83ea"}
{"level":"info","message":"[2025-06-24T12:22:15.394Z] Fetched skill plan for user 685646e5cc0deff29d3c83ea","timestamp":"2025-06-24T12:22:15.394Z"}
{"level":"info","message":"[2025-06-24T12:22:15.502Z] Fetched chart data for user 685646e5cc0deff29d3c83ea","timestamp":"2025-06-24T12:22:15.502Z"}
{"level":"info","message":"[2025-06-24T12:22:15.629Z] Fetched skills for user 685646e5cc0deff29d3c83ea","timestamp":"2025-06-24T12:22:15.629Z"}
{"level":"info","message":"[2025-06-24T12:22:15.639Z] Fetched analytics for user 685646e5cc0deff29d3c83ea","timestamp":"2025-06-24T12:22:15.639Z"}
{"level":"info","message":"Token decoded successfully","timestamp":"2025-06-24T12:22:15.652Z","userId":"685646e5cc0deff29d3c83ea"}
{"level":"info","message":"Token decoded successfully","timestamp":"2025-06-24T12:22:15.661Z","userId":"685646e5cc0deff29d3c83ea"}
{"level":"info","message":"Token decoded successfully","timestamp":"2025-06-24T12:22:15.668Z","userId":"685646e5cc0deff29d3c83ea"}
{"level":"info","message":"Token decoded successfully","timestamp":"2025-06-24T12:22:15.681Z","userId":"685646e5cc0deff29d3c83ea"}
{"level":"info","message":"[2025-06-24T12:22:15.697Z] Fetched skill plan for user 685646e5cc0deff29d3c83ea","timestamp":"2025-06-24T12:22:15.697Z"}
{"level":"info","message":"[2025-06-24T12:22:15.719Z] Fetched skills for user 685646e5cc0deff29d3c83ea","timestamp":"2025-06-24T12:22:15.719Z"}
{"level":"info","message":"[2025-06-24T12:22:15.744Z] Fetched analytics for user 685646e5cc0deff29d3c83ea","timestamp":"2025-06-24T12:22:15.744Z"}
{"level":"info","message":"[2025-06-24T12:22:15.766Z] Fetched chart data for user 685646e5cc0deff29d3c83ea","timestamp":"2025-06-24T12:22:15.766Z"}
{"level":"info","message":"[2025-06-24T12:33:09.407Z] ✅ Route /api/auth attached successfully","timestamp":"2025-06-24T12:33:09.408Z"}
{"level":"info","message":"[2025-06-24T12:33:09.411Z] ✅ Route /api/profile attached successfully","timestamp":"2025-06-24T12:33:09.411Z"}
{"level":"info","message":"[2025-06-24T12:33:09.412Z] ✅ Route /api/skills attached successfully","timestamp":"2025-06-24T12:33:09.412Z"}
{"level":"info","message":"[2025-06-24T12:33:09.413Z] ✅ Route /api/tasks attached successfully","timestamp":"2025-06-24T12:33:09.413Z"}
{"level":"info","message":"[2025-06-24T12:33:09.413Z] ✅ Route /api/users attached successfully","timestamp":"2025-06-24T12:33:09.413Z"}
{"level":"info","message":"[2025-06-24T12:33:09.414Z] ✅ Route /api/analytics attached successfully","timestamp":"2025-06-24T12:33:09.414Z"}
{"level":"info","message":"[2025-06-24T12:33:09.414Z] ✅ Route /api/adaptiveLearning attached successfully","timestamp":"2025-06-24T12:33:09.414Z"}
{"level":"info","message":"[2025-06-24T12:33:09.415Z] MongoDB URI: mongodb://127.0.0.1:27017/learno_db","timestamp":"2025-06-24T12:33:09.415Z"}
{"level":"info","message":"[2025-06-24T12:33:09.466Z] ✅ MongoDB Connected","timestamp":"2025-06-24T12:33:09.466Z"}
{"level":"info","message":"[2025-06-24T12:33:09.471Z] 🚀 Server running on port 5000","timestamp":"2025-06-24T12:33:09.471Z"}
{"level":"info","message":"[2025-06-24T12:36:58.525Z] ✅ Route /api/auth attached successfully","timestamp":"2025-06-24T12:36:58.526Z"}
{"level":"info","message":"[2025-06-24T12:36:58.531Z] ✅ Route /api/profile attached successfully","timestamp":"2025-06-24T12:36:58.531Z"}
{"level":"info","message":"[2025-06-24T12:36:58.532Z] ✅ Route /api/skills attached successfully","timestamp":"2025-06-24T12:36:58.532Z"}
{"level":"info","message":"[2025-06-24T12:36:58.532Z] ✅ Route /api/tasks attached successfully","timestamp":"2025-06-24T12:36:58.532Z"}
{"level":"info","message":"[2025-06-24T12:36:58.533Z] ✅ Route /api/users attached successfully","timestamp":"2025-06-24T12:36:58.533Z"}
{"level":"info","message":"[2025-06-24T12:36:58.533Z] ✅ Route /api/analytics attached successfully","timestamp":"2025-06-24T12:36:58.533Z"}
{"level":"info","message":"[2025-06-24T12:36:58.537Z] ✅ Route /api/adaptiveLearning attached successfully","timestamp":"2025-06-24T12:36:58.538Z"}
{"level":"info","message":"[2025-06-24T12:36:58.539Z] MongoDB URI: mongodb://127.0.0.1:27017/learno_db","timestamp":"2025-06-24T12:36:58.539Z"}
{"level":"info","message":"[2025-06-24T12:36:58.626Z] ✅ MongoDB Connected","timestamp":"2025-06-24T12:36:58.626Z"}
{"level":"info","message":"[2025-06-24T12:36:58.631Z] 🚀 Server running on port 5000","timestamp":"2025-06-24T12:36:58.631Z"}
{"level":"info","message":"[2025-06-24T12:47:45.083Z] ✅ Route /api/auth attached successfully","timestamp":"2025-06-24T12:47:45.084Z"}
{"level":"info","message":"[2025-06-24T12:47:45.086Z] ✅ Route /api/profile attached successfully","timestamp":"2025-06-24T12:47:45.086Z"}
{"level":"info","message":"[2025-06-24T12:47:45.087Z] ✅ Route /api/skills attached successfully","timestamp":"2025-06-24T12:47:45.087Z"}
{"level":"info","message":"[2025-06-24T12:47:45.087Z] ✅ Route /api/tasks attached successfully","timestamp":"2025-06-24T12:47:45.087Z"}
{"level":"info","message":"[2025-06-24T12:47:45.087Z] ✅ Route /api/users attached successfully","timestamp":"2025-06-24T12:47:45.087Z"}
{"level":"info","message":"[2025-06-24T12:47:45.088Z] ✅ Route /api/analytics attached successfully","timestamp":"2025-06-24T12:47:45.088Z"}
{"level":"info","message":"[2025-06-24T12:47:45.088Z] ✅ Route /api/adaptiveLearning attached successfully","timestamp":"2025-06-24T12:47:45.088Z"}
{"level":"info","message":"[2025-06-24T12:47:45.088Z] MongoDB URI: mongodb://127.0.0.1:27017/learno_db","timestamp":"2025-06-24T12:47:45.089Z"}
{"level":"info","message":"[2025-06-24T12:47:45.125Z] ✅ MongoDB Connected","timestamp":"2025-06-24T12:47:45.125Z"}
{"level":"info","message":"[2025-06-24T12:47:45.130Z] 🚀 Server running on port 5000","timestamp":"2025-06-24T12:47:45.131Z"}
{"level":"info","message":"[2025-06-24T12:51:05.649Z] ✅ Route /api/auth attached successfully","timestamp":"2025-06-24T12:51:05.650Z"}
{"level":"info","message":"[2025-06-24T12:51:05.652Z] ✅ Route /api/profile attached successfully","timestamp":"2025-06-24T12:51:05.652Z"}
{"level":"info","message":"[2025-06-24T12:51:05.652Z] ✅ Route /api/skills attached successfully","timestamp":"2025-06-24T12:51:05.652Z"}
{"level":"info","message":"[2025-06-24T12:51:05.653Z] ✅ Route /api/tasks attached successfully","timestamp":"2025-06-24T12:51:05.653Z"}
{"level":"info","message":"[2025-06-24T12:51:05.653Z] ✅ Route /api/users attached successfully","timestamp":"2025-06-24T12:51:05.653Z"}
{"level":"info","message":"[2025-06-24T12:51:05.653Z] ✅ Route /api/analytics attached successfully","timestamp":"2025-06-24T12:51:05.653Z"}
{"level":"info","message":"[2025-06-24T12:51:05.654Z] ✅ Route /api/adaptiveLearning attached successfully","timestamp":"2025-06-24T12:51:05.654Z"}
{"level":"info","message":"[2025-06-24T12:51:05.654Z] MongoDB URI: mongodb://127.0.0.1:27017/learno_db","timestamp":"2025-06-24T12:51:05.654Z"}
{"level":"info","message":"[2025-06-24T12:51:05.690Z] ✅ MongoDB Connected","timestamp":"2025-06-24T12:51:05.690Z"}
{"level":"info","message":"[2025-06-24T12:51:05.698Z] 🚀 Server running on port 5000","timestamp":"2025-06-24T12:51:05.698Z"}
{"level":"info","message":"[2025-06-24T12:57:55.468Z] ✅ Route /api/auth attached successfully","timestamp":"2025-06-24T12:57:55.469Z"}
{"level":"info","message":"[2025-06-24T12:57:55.471Z] ✅ Route /api/profile attached successfully","timestamp":"2025-06-24T12:57:55.471Z"}
{"level":"info","message":"[2025-06-24T12:57:55.471Z] ✅ Route /api/skills attached successfully","timestamp":"2025-06-24T12:57:55.471Z"}
{"level":"info","message":"[2025-06-24T12:57:55.472Z] ✅ Route /api/tasks attached successfully","timestamp":"2025-06-24T12:57:55.472Z"}
{"level":"info","message":"[2025-06-24T12:57:55.472Z] ✅ Route /api/users attached successfully","timestamp":"2025-06-24T12:57:55.472Z"}
{"level":"info","message":"[2025-06-24T12:57:55.472Z] ✅ Route /api/analytics attached successfully","timestamp":"2025-06-24T12:57:55.472Z"}
{"level":"info","message":"[2025-06-24T12:57:55.473Z] ✅ Route /api/adaptiveLearning attached successfully","timestamp":"2025-06-24T12:57:55.473Z"}
{"level":"info","message":"[2025-06-24T12:57:55.473Z] MongoDB URI: mongodb://127.0.0.1:27017/learno_db","timestamp":"2025-06-24T12:57:55.473Z"}
{"level":"info","message":"[2025-06-24T12:57:55.500Z] ✅ MongoDB Connected","timestamp":"2025-06-24T12:57:55.500Z"}
{"level":"info","message":"[2025-06-24T12:57:55.505Z] 🚀 Server running on port 5000","timestamp":"2025-06-24T12:57:55.505Z"}
{"level":"info","message":"[2025-06-24T13:06:57.935Z] ✅ Route /api/auth attached successfully","timestamp":"2025-06-24T13:06:57.937Z"}
{"level":"info","message":"[2025-06-24T13:06:57.942Z] ✅ Route /api/profile attached successfully","timestamp":"2025-06-24T13:06:57.942Z"}
{"level":"info","message":"[2025-06-24T13:06:57.943Z] ✅ Route /api/skills attached successfully","timestamp":"2025-06-24T13:06:57.943Z"}
{"level":"info","message":"[2025-06-24T13:06:57.944Z] ✅ Route /api/tasks attached successfully","timestamp":"2025-06-24T13:06:57.944Z"}
{"level":"info","message":"[2025-06-24T13:06:57.944Z] ✅ Route /api/users attached successfully","timestamp":"2025-06-24T13:06:57.944Z"}
{"level":"info","message":"[2025-06-24T13:06:57.945Z] ✅ Route /api/analytics attached successfully","timestamp":"2025-06-24T13:06:57.945Z"}
{"level":"info","message":"[2025-06-24T13:06:57.952Z] ✅ Route /api/adaptiveLearning attached successfully","timestamp":"2025-06-24T13:06:57.952Z"}
{"level":"info","message":"[2025-06-24T13:06:57.963Z] MongoDB URI: mongodb://127.0.0.1:27017/learno_db","timestamp":"2025-06-24T13:06:57.964Z"}
{"level":"info","message":"[2025-06-24T13:06:58.044Z] ✅ MongoDB Connected","timestamp":"2025-06-24T13:06:58.044Z"}
{"level":"info","message":"[2025-06-24T13:06:58.049Z] 🚀 Server running on port 5000","timestamp":"2025-06-24T13:06:58.049Z"}
{"level":"info","message":"Token decoded successfully","timestamp":"2025-06-24T13:22:06.024Z","userId":"685646e5cc0deff29d3c83ea"}
{"level":"info","message":"[2025-06-24T13:22:06.038Z] Fetched skills for user 685646e5cc0deff29d3c83ea","timestamp":"2025-06-24T13:22:06.039Z"}
{"level":"info","message":"Token decoded successfully","timestamp":"2025-06-24T13:22:06.097Z","userId":"685646e5cc0deff29d3c83ea"}
{"level":"info","message":"[2025-06-24T13:22:06.107Z] Fetched skills for user 685646e5cc0deff29d3c83ea","timestamp":"2025-06-24T13:22:06.107Z"}
{"level":"info","message":"[2025-06-24T13:36:29.796Z] ✅ Route /api/auth attached successfully","timestamp":"2025-06-24T13:36:29.797Z"}
{"level":"info","message":"[2025-06-24T13:36:29.798Z] ✅ Route /api/profile attached successfully","timestamp":"2025-06-24T13:36:29.799Z"}
{"level":"info","message":"[2025-06-24T13:36:29.799Z] ✅ Route /api/skills attached successfully","timestamp":"2025-06-24T13:36:29.799Z"}
{"level":"info","message":"[2025-06-24T13:36:29.799Z] ✅ Route /api/tasks attached successfully","timestamp":"2025-06-24T13:36:29.799Z"}
{"level":"info","message":"[2025-06-24T13:36:29.800Z] ✅ Route /api/users attached successfully","timestamp":"2025-06-24T13:36:29.800Z"}
{"level":"info","message":"[2025-06-24T13:36:29.800Z] ✅ Route /api/analytics attached successfully","timestamp":"2025-06-24T13:36:29.800Z"}
{"level":"info","message":"[2025-06-24T13:36:29.800Z] ✅ Route /api/adaptiveLearning attached successfully","timestamp":"2025-06-24T13:36:29.800Z"}
{"level":"info","message":"[2025-06-24T13:36:29.801Z] MongoDB URI: mongodb://127.0.0.1:27017/learno_db","timestamp":"2025-06-24T13:36:29.801Z"}
{"level":"info","message":"[2025-06-24T13:36:29.830Z] ✅ MongoDB Connected","timestamp":"2025-06-24T13:36:29.830Z"}
{"level":"info","message":"[2025-06-24T13:36:29.833Z] 🚀 Server running on port 5000","timestamp":"2025-06-24T13:36:29.833Z"}
{"level":"info","message":"[2025-06-25T10:41:41.238Z] ✅ Route /api/auth attached successfully","timestamp":"2025-06-25T10:41:41.239Z"}
{"level":"info","message":"[2025-06-25T10:41:41.241Z] ✅ Route /api/profile attached successfully","timestamp":"2025-06-25T10:41:41.241Z"}
{"level":"info","message":"[2025-06-25T10:41:41.242Z] ✅ Route /api/skills attached successfully","timestamp":"2025-06-25T10:41:41.242Z"}
{"level":"info","message":"[2025-06-25T10:41:41.242Z] ✅ Route /api/tasks attached successfully","timestamp":"2025-06-25T10:41:41.242Z"}
{"level":"info","message":"[2025-06-25T10:41:41.243Z] ✅ Route /api/users attached successfully","timestamp":"2025-06-25T10:41:41.243Z"}
{"level":"info","message":"[2025-06-25T10:41:41.244Z] ✅ Route /api/analytics attached successfully","timestamp":"2025-06-25T10:41:41.244Z"}
{"level":"info","message":"[2025-06-25T10:41:41.244Z] ✅ Route /api/adaptiveLearning attached successfully","timestamp":"2025-06-25T10:41:41.244Z"}
{"level":"info","message":"[2025-06-25T10:41:41.244Z] MongoDB URI: mongodb://127.0.0.1:27017/learno_db","timestamp":"2025-06-25T10:41:41.244Z"}
{"level":"info","message":"[2025-06-25T10:41:41.327Z] ✅ MongoDB Connected","timestamp":"2025-06-25T10:41:41.327Z"}
{"level":"info","message":"[2025-06-25T10:41:41.331Z] 🚀 Server running on port 5000","timestamp":"2025-06-25T10:41:41.331Z"}
{"level":"info","message":"[2025-06-25T10:48:49.501Z] ✅ Route /api/auth attached successfully","timestamp":"2025-06-25T10:48:49.502Z"}
{"level":"info","message":"[2025-06-25T10:48:49.504Z] ✅ Route /api/profile attached successfully","timestamp":"2025-06-25T10:48:49.504Z"}
{"level":"info","message":"[2025-06-25T10:48:49.505Z] ✅ Route /api/skills attached successfully","timestamp":"2025-06-25T10:48:49.505Z"}
{"level":"info","message":"[2025-06-25T10:48:49.505Z] ✅ Route /api/tasks attached successfully","timestamp":"2025-06-25T10:48:49.505Z"}
{"level":"info","message":"[2025-06-25T10:48:49.506Z] ✅ Route /api/users attached successfully","timestamp":"2025-06-25T10:48:49.506Z"}
{"level":"info","message":"[2025-06-25T10:48:49.506Z] ✅ Route /api/analytics attached successfully","timestamp":"2025-06-25T10:48:49.506Z"}
{"level":"info","message":"[2025-06-25T10:48:49.507Z] ✅ Route /api/adaptiveLearning attached successfully","timestamp":"2025-06-25T10:48:49.507Z"}
{"level":"info","message":"[2025-06-25T10:48:49.507Z] MongoDB URI: mongodb://127.0.0.1:27017/learno_db","timestamp":"2025-06-25T10:48:49.507Z"}
{"level":"info","message":"[2025-06-25T10:48:49.545Z] ✅ MongoDB Connected","timestamp":"2025-06-25T10:48:49.545Z"}
{"level":"info","message":"[2025-06-25T10:48:49.550Z] 🚀 Server running on port 5000","timestamp":"2025-06-25T10:48:49.550Z"}
{"level":"info","message":"[2025-06-25T10:58:27.008Z] ✅ Route /api/auth attached successfully","timestamp":"2025-06-25T10:58:27.008Z"}
{"level":"info","message":"[2025-06-25T10:58:27.010Z] ✅ Route /api/profile attached successfully","timestamp":"2025-06-25T10:58:27.010Z"}
{"level":"info","message":"[2025-06-25T10:58:27.011Z] ✅ Route /api/skills attached successfully","timestamp":"2025-06-25T10:58:27.011Z"}
{"level":"info","message":"[2025-06-25T10:58:27.011Z] ✅ Route /api/tasks attached successfully","timestamp":"2025-06-25T10:58:27.012Z"}
{"level":"info","message":"[2025-06-25T10:58:27.012Z] ✅ Route /api/users attached successfully","timestamp":"2025-06-25T10:58:27.012Z"}
{"level":"info","message":"[2025-06-25T10:58:27.012Z] ✅ Route /api/analytics attached successfully","timestamp":"2025-06-25T10:58:27.012Z"}
{"level":"info","message":"[2025-06-25T10:58:27.013Z] ✅ Route /api/adaptiveLearning attached successfully","timestamp":"2025-06-25T10:58:27.013Z"}
{"level":"info","message":"[2025-06-25T10:58:27.013Z] MongoDB URI: mongodb://127.0.0.1:27017/learno_db","timestamp":"2025-06-25T10:58:27.013Z"}
{"level":"info","message":"[2025-06-25T10:58:27.045Z] ✅ MongoDB Connected","timestamp":"2025-06-25T10:58:27.045Z"}
{"level":"info","message":"[2025-06-25T10:58:27.048Z] 🚀 Server running on port 5000","timestamp":"2025-06-25T10:58:27.048Z"}
{"level":"info","message":"[2025-06-25T11:13:38.566Z] ✅ Route /api/auth attached successfully","timestamp":"2025-06-25T11:13:38.567Z"}
{"level":"info","message":"[2025-06-25T11:13:38.569Z] ✅ Route /api/profile attached successfully","timestamp":"2025-06-25T11:13:38.569Z"}
{"level":"info","message":"[2025-06-25T11:13:38.570Z] ✅ Route /api/skills attached successfully","timestamp":"2025-06-25T11:13:38.570Z"}
{"level":"info","message":"[2025-06-25T11:13:38.570Z] ✅ Route /api/tasks attached successfully","timestamp":"2025-06-25T11:13:38.570Z"}
{"level":"info","message":"[2025-06-25T11:13:38.571Z] ✅ Route /api/users attached successfully","timestamp":"2025-06-25T11:13:38.571Z"}
{"level":"info","message":"[2025-06-25T11:13:38.571Z] ✅ Route /api/analytics attached successfully","timestamp":"2025-06-25T11:13:38.571Z"}
{"level":"info","message":"[2025-06-25T11:13:38.572Z] ✅ Route /api/adaptiveLearning attached successfully","timestamp":"2025-06-25T11:13:38.572Z"}
{"level":"info","message":"[2025-06-25T11:13:38.572Z] ✅ Route /api/activities attached successfully","timestamp":"2025-06-25T11:13:38.572Z"}
{"level":"info","message":"[2025-06-25T11:13:38.572Z] MongoDB URI: mongodb://127.0.0.1:27017/learno_db","timestamp":"2025-06-25T11:13:38.572Z"}
{"level":"info","message":"[2025-06-25T11:13:38.604Z] ✅ MongoDB Connected","timestamp":"2025-06-25T11:13:38.604Z"}
{"level":"info","message":"[2025-06-25T11:13:38.608Z] 🚀 Server running on port 5000","timestamp":"2025-06-25T11:13:38.608Z"}
{"level":"info","message":"Token decoded successfully","timestamp":"2025-06-25T11:14:33.155Z","userId":"685646e5cc0deff29d3c83ea"}
{"level":"info","message":"[2025-06-25T11:14:33.173Z] Fetched skills for user 685646e5cc0deff29d3c83ea","timestamp":"2025-06-25T11:14:33.173Z"}
{"level":"info","message":"Token decoded successfully","timestamp":"2025-06-25T11:14:33.180Z","userId":"685646e5cc0deff29d3c83ea"}
{"level":"info","message":"[2025-06-25T11:14:33.194Z] Fetched skills for user 685646e5cc0deff29d3c83ea","timestamp":"2025-06-25T11:14:33.195Z"}
{"level":"info","message":"Token decoded successfully","timestamp":"2025-06-25T11:14:34.880Z","userId":"685646e5cc0deff29d3c83ea"}
{"level":"info","message":"Token decoded successfully","timestamp":"2025-06-25T11:14:34.888Z","userId":"685646e5cc0deff29d3c83ea"}
{"level":"info","message":"Token decoded successfully","timestamp":"2025-06-25T11:14:34.902Z","userId":"685646e5cc0deff29d3c83ea"}
{"level":"info","message":"Token decoded successfully","timestamp":"2025-06-25T11:14:34.923Z","userId":"685646e5cc0deff29d3c83ea"}
{"level":"info","message":"[2025-06-25T11:14:34.962Z] Fetched skills for user 685646e5cc0deff29d3c83ea","timestamp":"2025-06-25T11:14:34.962Z"}
{"level":"info","message":"[2025-06-25T11:14:34.992Z] Fetched analytics for user 685646e5cc0deff29d3c83ea","timestamp":"2025-06-25T11:14:34.992Z"}
{"level":"info","message":"Token decoded successfully","timestamp":"2025-06-25T11:14:35.029Z","userId":"685646e5cc0deff29d3c83ea"}
{"level":"info","message":"[2025-06-25T11:14:35.052Z] Fetched skill plan for user 685646e5cc0deff29d3c83ea","timestamp":"2025-06-25T11:14:35.052Z"}
{"level":"info","message":"Token decoded successfully","timestamp":"2025-06-25T11:14:35.064Z","userId":"685646e5cc0deff29d3c83ea"}
{"level":"info","message":"[2025-06-25T11:14:35.096Z] Fetched chart data for user 685646e5cc0deff29d3c83ea","timestamp":"2025-06-25T11:14:35.096Z"}
{"level":"info","message":"[2025-06-25T11:14:35.107Z] Fetched skills for user 685646e5cc0deff29d3c83ea","timestamp":"2025-06-25T11:14:35.107Z"}
{"level":"info","message":"Token decoded successfully","timestamp":"2025-06-25T11:14:35.116Z","userId":"685646e5cc0deff29d3c83ea"}
{"level":"info","message":"Token decoded successfully","timestamp":"2025-06-25T11:14:35.130Z","userId":"685646e5cc0deff29d3c83ea"}
{"level":"info","message":"[2025-06-25T11:14:35.137Z] Fetched analytics for user 685646e5cc0deff29d3c83ea","timestamp":"2025-06-25T11:14:35.138Z"}
{"level":"info","message":"[2025-06-25T11:14:35.155Z] Fetched skill plan for user 685646e5cc0deff29d3c83ea","timestamp":"2025-06-25T11:14:35.155Z"}
{"level":"info","message":"[2025-06-25T11:14:35.165Z] Fetched chart data for user 685646e5cc0deff29d3c83ea","timestamp":"2025-06-25T11:14:35.165Z"}
{"level":"info","message":"Token decoded successfully","timestamp":"2025-06-25T11:14:57.844Z","userId":"685646e5cc0deff29d3c83ea"}
{"level":"info","message":"[2025-06-25T11:14:57.860Z] Fetched skills for user 685646e5cc0deff29d3c83ea","timestamp":"2025-06-25T11:14:57.860Z"}
{"level":"info","message":"Token decoded successfully","timestamp":"2025-06-25T11:14:57.867Z","userId":"685646e5cc0deff29d3c83ea"}
{"level":"info","message":"[2025-06-25T11:14:57.880Z] Fetched skills for user 685646e5cc0deff29d3c83ea","timestamp":"2025-06-25T11:14:57.880Z"}
{"level":"info","message":"Token decoded successfully","timestamp":"2025-06-25T11:15:05.625Z","userId":"685646e5cc0deff29d3c83ea"}
{"level":"info","message":"[2025-06-25T11:15:05.735Z] Skill deleted: c5cfbad1-688c-4a4c-9068-b21195656aa5 for user 685646e5cc0deff29d3c83ea","timestamp":"2025-06-25T11:15:05.735Z"}
{"level":"info","message":"Token decoded successfully","timestamp":"2025-06-25T11:15:06.983Z","userId":"685646e5cc0deff29d3c83ea"}
{"level":"info","message":"[2025-06-25T11:15:07.012Z] Skill deleted: 2ef4effd-962f-4d01-bb0c-8e527f02a9f6 for user 685646e5cc0deff29d3c83ea","timestamp":"2025-06-25T11:15:07.013Z"}
{"level":"info","message":"Token decoded successfully","timestamp":"2025-06-25T11:15:08.696Z","userId":"685646e5cc0deff29d3c83ea"}
{"level":"info","message":"[2025-06-25T11:15:08.727Z] Skill deleted: c2d719f9-0a43-4e5e-81ee-de008a0e34d7 for user 685646e5cc0deff29d3c83ea","timestamp":"2025-06-25T11:15:08.727Z"}
{"level":"info","message":"Token decoded successfully","timestamp":"2025-06-25T11:15:11.236Z","userId":"685646e5cc0deff29d3c83ea"}
{"level":"info","message":"[2025-06-25T11:15:11.259Z] Skill deleted: 735c7b43-8b64-4fcc-b9c4-d2ffd6f1f55d for user 685646e5cc0deff29d3c83ea","timestamp":"2025-06-25T11:15:11.259Z"}
{"level":"info","message":"Token decoded successfully","timestamp":"2025-06-25T11:15:14.070Z","userId":"685646e5cc0deff29d3c83ea"}
{"level":"info","message":"[2025-06-25T11:15:14.097Z] Skill deleted: 1810a22f-95a2-4590-a1c2-de548d917850 for user 685646e5cc0deff29d3c83ea","timestamp":"2025-06-25T11:15:14.097Z"}
{"level":"info","message":"Token decoded successfully","timestamp":"2025-06-25T11:15:15.047Z","userId":"685646e5cc0deff29d3c83ea"}
{"level":"info","message":"[2025-06-25T11:15:15.093Z] Skill deleted: 82cc4e5e-4e63-471f-a0fb-1265b9b64f3b for user 685646e5cc0deff29d3c83ea","timestamp":"2025-06-25T11:15:15.093Z"}
{"level":"info","message":"Token decoded successfully","timestamp":"2025-06-25T11:15:17.983Z","userId":"685646e5cc0deff29d3c83ea"}
{"level":"info","message":"[2025-06-25T11:15:18.023Z] Skill deleted: f3b62f0c-d52f-4457-81a2-3fa8947a9729 for user 685646e5cc0deff29d3c83ea","timestamp":"2025-06-25T11:15:18.023Z"}
{"level":"info","message":"Token decoded successfully","timestamp":"2025-06-25T11:15:18.935Z","userId":"685646e5cc0deff29d3c83ea"}
{"level":"info","message":"[2025-06-25T11:15:18.955Z] Skill deleted: bb26d1b6-0877-4023-a358-f988a3f96644 for user 685646e5cc0deff29d3c83ea","timestamp":"2025-06-25T11:15:18.955Z"}
{"level":"info","message":"Token decoded successfully","timestamp":"2025-06-25T11:15:19.565Z","userId":"685646e5cc0deff29d3c83ea"}
{"level":"info","message":"[2025-06-25T11:15:19.585Z] Skill deleted: c25f6629-3687-4406-a8fe-7c769ebaeb42 for user 685646e5cc0deff29d3c83ea","timestamp":"2025-06-25T11:15:19.585Z"}
{"level":"info","message":"Token decoded successfully","timestamp":"2025-06-25T11:15:20.033Z","userId":"685646e5cc0deff29d3c83ea"}
{"level":"info","message":"[2025-06-25T11:15:20.090Z] Skill deleted: 86b04d52-fdbe-4270-8b95-77eaedb44d40 for user 685646e5cc0deff29d3c83ea","timestamp":"2025-06-25T11:15:20.090Z"}
{"level":"info","message":"Token decoded successfully","timestamp":"2025-06-25T11:15:20.358Z","userId":"685646e5cc0deff29d3c83ea"}
{"level":"info","message":"[2025-06-25T11:15:20.379Z] Skill deleted: ebdc4771-0d05-4fbd-8b0d-4e14d3404847 for user 685646e5cc0deff29d3c83ea","timestamp":"2025-06-25T11:15:20.379Z"}
{"level":"info","message":"Token decoded successfully","timestamp":"2025-06-25T11:15:20.516Z","userId":"685646e5cc0deff29d3c83ea"}
{"level":"info","message":"[2025-06-25T11:15:20.540Z] Skill deleted: 4881b215-0f93-4728-88ec-3e31530e6247 for user 685646e5cc0deff29d3c83ea","timestamp":"2025-06-25T11:15:20.540Z"}
{"level":"info","message":"Token decoded successfully","timestamp":"2025-06-25T11:15:25.099Z","userId":"685646e5cc0deff29d3c83ea"}
{"level":"info","message":"Token decoded successfully","timestamp":"2025-06-25T11:15:25.123Z","userId":"685646e5cc0deff29d3c83ea"}
{"level":"info","message":"Token decoded successfully","timestamp":"2025-06-25T11:15:25.128Z","userId":"685646e5cc0deff29d3c83ea"}
{"level":"info","message":"Token decoded successfully","timestamp":"2025-06-25T11:15:25.133Z","userId":"685646e5cc0deff29d3c83ea"}
{"level":"info","message":"Token decoded successfully","timestamp":"2025-06-25T11:15:25.185Z","userId":"685646e5cc0deff29d3c83ea"}
{"level":"info","message":"Token decoded successfully","timestamp":"2025-06-25T11:15:25.384Z","userId":"685646e5cc0deff29d3c83ea"}
{"level":"info","message":"Token decoded successfully","timestamp":"2025-06-25T11:15:25.416Z","userId":"685646e5cc0deff29d3c83ea"}
{"level":"info","message":"Token decoded successfully","timestamp":"2025-06-25T11:15:25.438Z","userId":"685646e5cc0deff29d3c83ea"}
{"level":"info","message":"Token decoded successfully","timestamp":"2025-06-25T11:15:25.472Z","userId":"685646e5cc0deff29d3c83ea"}
{"level":"info","message":"Token decoded successfully","timestamp":"2025-06-25T11:15:25.492Z","userId":"685646e5cc0deff29d3c83ea"}
{"level":"info","message":"Token decoded successfully","timestamp":"2025-06-25T11:15:25.555Z","userId":"685646e5cc0deff29d3c83ea"}
{"level":"info","message":"Token decoded successfully","timestamp":"2025-06-25T11:15:26.836Z","userId":"685646e5cc0deff29d3c83ea"}
{"level":"info","message":"Token decoded successfully","timestamp":"2025-06-25T11:15:26.841Z","userId":"685646e5cc0deff29d3c83ea"}
{"level":"info","message":"Token decoded successfully","timestamp":"2025-06-25T11:15:26.850Z","userId":"685646e5cc0deff29d3c83ea"}
{"level":"info","message":"Token decoded successfully","timestamp":"2025-06-25T11:15:26.856Z","userId":"685646e5cc0deff29d3c83ea"}
{"level":"info","message":"[2025-06-25T11:15:26.861Z] Fetched skills for user 685646e5cc0deff29d3c83ea","timestamp":"2025-06-25T11:15:26.861Z"}
{"level":"info","message":"[2025-06-25T11:15:26.875Z] Fetched chart data for user 685646e5cc0deff29d3c83ea","timestamp":"2025-06-25T11:15:26.875Z"}
{"level":"info","message":"[2025-06-25T11:15:26.878Z] Fetched skill plan for user 685646e5cc0deff29d3c83ea","timestamp":"2025-06-25T11:15:26.878Z"}
{"level":"info","message":"Token decoded successfully","timestamp":"2025-06-25T11:15:26.884Z","userId":"685646e5cc0deff29d3c83ea"}
{"level":"info","message":"[2025-06-25T11:15:26.889Z] Fetched analytics for user 685646e5cc0deff29d3c83ea","timestamp":"2025-06-25T11:15:26.889Z"}
{"level":"info","message":"Token decoded successfully","timestamp":"2025-06-25T11:15:26.895Z","userId":"685646e5cc0deff29d3c83ea"}
{"level":"info","message":"Token decoded successfully","timestamp":"2025-06-25T11:15:26.902Z","userId":"685646e5cc0deff29d3c83ea"}
{"level":"info","message":"Token decoded successfully","timestamp":"2025-06-25T11:15:26.911Z","userId":"685646e5cc0deff29d3c83ea"}
{"level":"info","message":"[2025-06-25T11:15:26.937Z] Fetched skill plan for user 685646e5cc0deff29d3c83ea","timestamp":"2025-06-25T11:15:26.937Z"}
{"level":"info","message":"[2025-06-25T11:15:26.940Z] Fetched skills for user 685646e5cc0deff29d3c83ea","timestamp":"2025-06-25T11:15:26.940Z"}
{"level":"info","message":"[2025-06-25T11:15:26.944Z] Fetched chart data for user 685646e5cc0deff29d3c83ea","timestamp":"2025-06-25T11:15:26.944Z"}
{"level":"info","message":"[2025-06-25T11:15:26.948Z] Fetched analytics for user 685646e5cc0deff29d3c83ea","timestamp":"2025-06-25T11:15:26.948Z"}
{"level":"info","message":"Token decoded successfully","timestamp":"2025-06-25T11:15:30.759Z","userId":"685646e5cc0deff29d3c83ea"}
{"level":"info","message":"[2025-06-25T11:15:30.767Z] Fetched skills for user 685646e5cc0deff29d3c83ea","timestamp":"2025-06-25T11:15:30.767Z"}
{"level":"info","message":"Token decoded successfully","timestamp":"2025-06-25T11:15:30.902Z","userId":"685646e5cc0deff29d3c83ea"}
{"level":"info","message":"[2025-06-25T11:15:30.941Z] Skill added: English (ID: 04138ff0-887d-4e16-8eef-fc242cdfe9e1) for user 685646e5cc0deff29d3c83ea","timestamp":"2025-06-25T11:15:30.941Z"}
{"level":"info","message":"Token decoded successfully","timestamp":"2025-06-25T11:15:31.142Z","userId":"685646e5cc0deff29d3c83ea"}
{"level":"info","message":"[2025-06-25T11:15:31.154Z] Fetched skills for user 685646e5cc0deff29d3c83ea","timestamp":"2025-06-25T11:15:31.154Z"}
{"level":"info","message":"Token decoded successfully","timestamp":"2025-06-25T11:17:20.648Z","userId":"685646e5cc0deff29d3c83ea"}
{"level":"info","message":"[2025-06-25T11:17:20.654Z] Fetched skills for user 685646e5cc0deff29d3c83ea","timestamp":"2025-06-25T11:17:20.654Z"}
{"level":"info","message":"Token decoded successfully","timestamp":"2025-06-25T11:17:20.663Z","userId":"685646e5cc0deff29d3c83ea"}
{"level":"info","message":"[2025-06-25T11:17:20.670Z] Fetched skills for user 685646e5cc0deff29d3c83ea","timestamp":"2025-06-25T11:17:20.670Z"}
{"level":"info","message":"Token decoded successfully","timestamp":"2025-06-25T11:19:21.959Z","userId":"685646e5cc0deff29d3c83ea"}
{"level":"info","message":"Token decoded successfully","timestamp":"2025-06-25T11:19:21.979Z","userId":"685646e5cc0deff29d3c83ea"}
{"level":"info","message":"Token decoded successfully","timestamp":"2025-06-25T11:19:21.983Z","userId":"685646e5cc0deff29d3c83ea"}
{"level":"info","message":"Token decoded successfully","timestamp":"2025-06-25T11:19:21.996Z","userId":"685646e5cc0deff29d3c83ea"}
{"level":"info","message":"Token decoded successfully","timestamp":"2025-06-25T11:19:22.033Z","userId":"685646e5cc0deff29d3c83ea"}
{"level":"info","message":"Token decoded successfully","timestamp":"2025-06-25T11:19:22.047Z","userId":"685646e5cc0deff29d3c83ea"}
{"level":"info","message":"Token decoded successfully","timestamp":"2025-06-25T11:19:22.126Z","userId":"685646e5cc0deff29d3c83ea"}
{"level":"info","message":"Token decoded successfully","timestamp":"2025-06-25T11:19:22.139Z","userId":"685646e5cc0deff29d3c83ea"}
{"level":"info","message":"Token decoded successfully","timestamp":"2025-06-25T11:19:22.173Z","userId":"685646e5cc0deff29d3c83ea"}
{"level":"info","message":"Token decoded successfully","timestamp":"2025-06-25T11:19:22.202Z","userId":"685646e5cc0deff29d3c83ea"}
{"level":"info","message":"Token decoded successfully","timestamp":"2025-06-25T11:19:22.225Z","userId":"685646e5cc0deff29d3c83ea"}
{"level":"info","message":"Token decoded successfully","timestamp":"2025-06-25T11:19:23.194Z","userId":"685646e5cc0deff29d3c83ea"}
{"level":"info","message":"Token decoded successfully","timestamp":"2025-06-25T11:19:23.199Z","userId":"685646e5cc0deff29d3c83ea"}
{"level":"info","message":"Token decoded successfully","timestamp":"2025-06-25T11:19:23.205Z","userId":"685646e5cc0deff29d3c83ea"}
{"level":"info","message":"Token decoded successfully","timestamp":"2025-06-25T11:19:23.208Z","userId":"685646e5cc0deff29d3c83ea"}
{"level":"info","message":"[2025-06-25T11:19:23.212Z] Fetched skills for user 685646e5cc0deff29d3c83ea","timestamp":"2025-06-25T11:19:23.212Z"}
{"level":"info","message":"[2025-06-25T11:19:23.219Z] Fetched chart data for user 685646e5cc0deff29d3c83ea","timestamp":"2025-06-25T11:19:23.219Z"}
{"level":"info","message":"Token decoded successfully","timestamp":"2025-06-25T11:19:23.222Z","userId":"685646e5cc0deff29d3c83ea"}
{"level":"info","message":"[2025-06-25T11:19:23.224Z] Fetched skill plan for user 685646e5cc0deff29d3c83ea","timestamp":"2025-06-25T11:19:23.224Z"}
{"level":"info","message":"[2025-06-25T11:19:23.226Z] Fetched analytics for user 685646e5cc0deff29d3c83ea","timestamp":"2025-06-25T11:19:23.226Z"}
{"level":"info","message":"Token decoded successfully","timestamp":"2025-06-25T11:19:23.230Z","userId":"685646e5cc0deff29d3c83ea"}
{"level":"info","message":"Token decoded successfully","timestamp":"2025-06-25T11:19:23.236Z","userId":"685646e5cc0deff29d3c83ea"}
{"level":"info","message":"Token decoded successfully","timestamp":"2025-06-25T11:19:23.239Z","userId":"685646e5cc0deff29d3c83ea"}
{"level":"info","message":"[2025-06-25T11:19:23.244Z] Fetched skills for user 685646e5cc0deff29d3c83ea","timestamp":"2025-06-25T11:19:23.244Z"}
{"level":"info","message":"[2025-06-25T11:19:23.251Z] Fetched chart data for user 685646e5cc0deff29d3c83ea","timestamp":"2025-06-25T11:19:23.251Z"}
{"level":"info","message":"[2025-06-25T11:19:23.254Z] Fetched skill plan for user 685646e5cc0deff29d3c83ea","timestamp":"2025-06-25T11:19:23.254Z"}
{"level":"info","message":"[2025-06-25T11:19:23.256Z] Fetched analytics for user 685646e5cc0deff29d3c83ea","timestamp":"2025-06-25T11:19:23.256Z"}
{"level":"info","message":"Token decoded successfully","timestamp":"2025-06-25T11:19:32.641Z","userId":"685646e5cc0deff29d3c83ea"}
{"level":"info","message":"[2025-06-25T11:19:32.645Z] Fetched skills for user 685646e5cc0deff29d3c83ea","timestamp":"2025-06-25T11:19:32.645Z"}
{"level":"info","message":"Token decoded successfully","timestamp":"2025-06-25T11:19:32.704Z","userId":"685646e5cc0deff29d3c83ea"}
{"level":"info","message":"[2025-06-25T11:19:32.730Z] Skill added: Python (ID: 56da77e5-f380-4a47-9b46-b179f5a0f7ae) for user 685646e5cc0deff29d3c83ea","timestamp":"2025-06-25T11:19:32.730Z"}
{"level":"info","message":"Token decoded successfully","timestamp":"2025-06-25T11:19:32.947Z","userId":"685646e5cc0deff29d3c83ea"}
{"level":"info","message":"[2025-06-25T11:19:32.951Z] Fetched skills for user 685646e5cc0deff29d3c83ea","timestamp":"2025-06-25T11:19:32.951Z"}
{"level":"info","message":"Token decoded successfully","timestamp":"2025-06-25T11:19:43.588Z","userId":"685646e5cc0deff29d3c83ea"}
{"level":"info","message":"[2025-06-25T11:19:43.594Z] Fetched skills for user 685646e5cc0deff29d3c83ea","timestamp":"2025-06-25T11:19:43.594Z"}
{"level":"info","message":"Token decoded successfully","timestamp":"2025-06-25T11:19:43.600Z","userId":"685646e5cc0deff29d3c83ea"}
{"level":"info","message":"[2025-06-25T11:19:43.606Z] Fetched skills for user 685646e5cc0deff29d3c83ea","timestamp":"2025-06-25T11:19:43.606Z"}
{"level":"info","message":"Token decoded successfully","timestamp":"2025-06-25T11:19:47.774Z","userId":"685646e5cc0deff29d3c83ea"}
{"level":"info","message":"[2025-06-25T11:19:47.781Z] Skill deleted: 04138ff0-887d-4e16-8eef-fc242cdfe9e1 for user 685646e5cc0deff29d3c83ea","timestamp":"2025-06-25T11:19:47.781Z"}
{"level":"info","message":"Token decoded successfully","timestamp":"2025-06-25T11:19:51.947Z","userId":"685646e5cc0deff29d3c83ea"}
{"level":"info","message":"Token decoded successfully","timestamp":"2025-06-25T11:19:51.951Z","userId":"685646e5cc0deff29d3c83ea"}
{"level":"info","message":"Token decoded successfully","timestamp":"2025-06-25T11:19:51.954Z","userId":"685646e5cc0deff29d3c83ea"}
{"level":"info","message":"Token decoded successfully","timestamp":"2025-06-25T11:19:51.958Z","userId":"685646e5cc0deff29d3c83ea"}
{"level":"info","message":"[2025-06-25T11:19:51.966Z] Fetched skills for user 685646e5cc0deff29d3c83ea","timestamp":"2025-06-25T11:19:51.966Z"}
{"level":"info","message":"[2025-06-25T11:19:51.968Z] Fetched chart data for user 685646e5cc0deff29d3c83ea","timestamp":"2025-06-25T11:19:51.968Z"}
{"level":"info","message":"[2025-06-25T11:19:51.970Z] Fetched skill plan for user 685646e5cc0deff29d3c83ea","timestamp":"2025-06-25T11:19:51.970Z"}
{"level":"info","message":"[2025-06-25T11:19:51.971Z] Fetched analytics for user 685646e5cc0deff29d3c83ea","timestamp":"2025-06-25T11:19:51.972Z"}
{"level":"info","message":"Token decoded successfully","timestamp":"2025-06-25T11:19:51.975Z","userId":"685646e5cc0deff29d3c83ea"}
{"level":"info","message":"Token decoded successfully","timestamp":"2025-06-25T11:19:51.976Z","userId":"685646e5cc0deff29d3c83ea"}
{"level":"info","message":"Token decoded successfully","timestamp":"2025-06-25T11:19:51.979Z","userId":"685646e5cc0deff29d3c83ea"}
{"level":"info","message":"Token decoded successfully","timestamp":"2025-06-25T11:19:51.981Z","userId":"685646e5cc0deff29d3c83ea"}
{"level":"info","message":"[2025-06-25T11:19:51.990Z] Fetched skills for user 685646e5cc0deff29d3c83ea","timestamp":"2025-06-25T11:19:51.990Z"}
{"level":"info","message":"[2025-06-25T11:19:51.992Z] Fetched chart data for user 685646e5cc0deff29d3c83ea","timestamp":"2025-06-25T11:19:51.992Z"}
{"level":"info","message":"[2025-06-25T11:19:51.994Z] Fetched skill plan for user 685646e5cc0deff29d3c83ea","timestamp":"2025-06-25T11:19:51.994Z"}
{"level":"info","message":"[2025-06-25T11:19:51.996Z] Fetched analytics for user 685646e5cc0deff29d3c83ea","timestamp":"2025-06-25T11:19:51.996Z"}
{"level":"info","message":"Token decoded successfully","timestamp":"2025-06-25T11:20:04.657Z","userId":"685646e5cc0deff29d3c83ea"}
{"level":"info","message":"[2025-06-25T11:20:04.667Z] Fetched skills for user 685646e5cc0deff29d3c83ea","timestamp":"2025-06-25T11:20:04.667Z"}
{"level":"info","message":"Token decoded successfully","timestamp":"2025-06-25T11:20:04.746Z","userId":"685646e5cc0deff29d3c83ea"}
{"level":"info","message":"[2025-06-25T11:20:04.772Z] Skill added: Presentation (ID: e9b57206-121c-4d51-9451-e72754ed8957) for user 685646e5cc0deff29d3c83ea","timestamp":"2025-06-25T11:20:04.772Z"}
{"level":"info","message":"Token decoded successfully","timestamp":"2025-06-25T11:20:04.949Z","userId":"685646e5cc0deff29d3c83ea"}
{"level":"info","message":"[2025-06-25T11:20:04.960Z] Fetched skills for user 685646e5cc0deff29d3c83ea","timestamp":"2025-06-25T11:20:04.960Z"}
{"level":"info","message":"Token decoded successfully","timestamp":"2025-06-25T11:20:18.419Z","userId":"685646e5cc0deff29d3c83ea"}
{"level":"info","message":"[2025-06-25T11:20:18.425Z] Fetched skills for user 685646e5cc0deff29d3c83ea","timestamp":"2025-06-25T11:20:18.425Z"}
{"level":"info","message":"Token decoded successfully","timestamp":"2025-06-25T11:20:18.429Z","userId":"685646e5cc0deff29d3c83ea"}
{"level":"info","message":"[2025-06-25T11:20:18.438Z] Fetched skills for user 685646e5cc0deff29d3c83ea","timestamp":"2025-06-25T11:20:18.438Z"}
{"level":"info","message":"Token decoded successfully","timestamp":"2025-06-25T11:20:26.186Z","userId":"685646e5cc0deff29d3c83ea"}
{"level":"info","message":"[2025-06-25T11:20:26.201Z] Skill updated: Presentation (ID: e9b57206-121c-4d51-9451-e72754ed8957) for user 685646e5cc0deff29d3c83ea","timestamp":"2025-06-25T11:20:26.201Z"}
{"level":"info","message":"Token decoded successfully","timestamp":"2025-06-25T11:20:28.860Z","userId":"685646e5cc0deff29d3c83ea"}
{"level":"info","message":"Token decoded successfully","timestamp":"2025-06-25T11:20:28.865Z","userId":"685646e5cc0deff29d3c83ea"}
{"level":"info","message":"Token decoded successfully","timestamp":"2025-06-25T11:20:28.869Z","userId":"685646e5cc0deff29d3c83ea"}
{"level":"info","message":"Token decoded successfully","timestamp":"2025-06-25T11:20:28.877Z","userId":"685646e5cc0deff29d3c83ea"}
{"level":"info","message":"[2025-06-25T11:20:28.880Z] Fetched skills for user 685646e5cc0deff29d3c83ea","timestamp":"2025-06-25T11:20:28.880Z"}
{"level":"info","message":"[2025-06-25T11:20:28.883Z] Fetched chart data for user 685646e5cc0deff29d3c83ea","timestamp":"2025-06-25T11:20:28.883Z"}
{"level":"info","message":"[2025-06-25T11:20:28.892Z] Fetched skill plan for user 685646e5cc0deff29d3c83ea","timestamp":"2025-06-25T11:20:28.892Z"}
{"level":"info","message":"Token decoded successfully","timestamp":"2025-06-25T11:20:28.917Z","userId":"685646e5cc0deff29d3c83ea"}
{"level":"info","message":"Token decoded successfully","timestamp":"2025-06-25T11:20:28.922Z","userId":"685646e5cc0deff29d3c83ea"}
{"level":"info","message":"[2025-06-25T11:20:28.925Z] Fetched analytics for user 685646e5cc0deff29d3c83ea","timestamp":"2025-06-25T11:20:28.925Z"}
{"level":"info","message":"Token decoded successfully","timestamp":"2025-06-25T11:20:28.932Z","userId":"685646e5cc0deff29d3c83ea"}
{"level":"info","message":"Token decoded successfully","timestamp":"2025-06-25T11:20:28.944Z","userId":"685646e5cc0deff29d3c83ea"}
{"level":"info","message":"[2025-06-25T11:20:28.948Z] Fetched skills for user 685646e5cc0deff29d3c83ea","timestamp":"2025-06-25T11:20:28.948Z"}
{"level":"info","message":"[2025-06-25T11:20:28.952Z] Fetched chart data for user 685646e5cc0deff29d3c83ea","timestamp":"2025-06-25T11:20:28.952Z"}
{"level":"info","message":"[2025-06-25T11:20:28.958Z] Fetched skill plan for user 685646e5cc0deff29d3c83ea","timestamp":"2025-06-25T11:20:28.958Z"}
{"level":"info","message":"[2025-06-25T11:20:28.961Z] Fetched analytics for user 685646e5cc0deff29d3c83ea","timestamp":"2025-06-25T11:20:28.961Z"}
{"level":"info","message":"Token decoded successfully","timestamp":"2025-06-25T11:20:40.704Z","userId":"685646e5cc0deff29d3c83ea"}
{"level":"info","message":"[2025-06-25T11:20:40.736Z] Fetched skills for user 685646e5cc0deff29d3c83ea","timestamp":"2025-06-25T11:20:40.736Z"}
{"level":"info","message":"Token decoded successfully","timestamp":"2025-06-25T11:20:40.745Z","userId":"685646e5cc0deff29d3c83ea"}
{"level":"info","message":"[2025-06-25T11:20:40.752Z] Fetched skills for user 685646e5cc0deff29d3c83ea","timestamp":"2025-06-25T11:20:40.752Z"}
{"level":"info","message":"Token decoded successfully","timestamp":"2025-06-25T11:20:46.703Z","userId":"685646e5cc0deff29d3c83ea"}
{"level":"info","message":"[2025-06-25T11:20:46.713Z] Skill updated: Python (ID: 56da77e5-f380-4a47-9b46-b179f5a0f7ae) for user 685646e5cc0deff29d3c83ea","timestamp":"2025-06-25T11:20:46.713Z"}
{"level":"info","message":"Token decoded successfully","timestamp":"2025-06-25T11:20:51.337Z","userId":"685646e5cc0deff29d3c83ea"}
{"level":"info","message":"Token decoded successfully","timestamp":"2025-06-25T11:20:51.342Z","userId":"685646e5cc0deff29d3c83ea"}
{"level":"info","message":"Token decoded successfully","timestamp":"2025-06-25T11:20:51.350Z","userId":"685646e5cc0deff29d3c83ea"}
{"level":"info","message":"Token decoded successfully","timestamp":"2025-06-25T11:20:51.353Z","userId":"685646e5cc0deff29d3c83ea"}
{"level":"info","message":"[2025-06-25T11:20:51.357Z] Fetched skills for user 685646e5cc0deff29d3c83ea","timestamp":"2025-06-25T11:20:51.357Z"}
{"level":"info","message":"[2025-06-25T11:20:51.363Z] Fetched chart data for user 685646e5cc0deff29d3c83ea","timestamp":"2025-06-25T11:20:51.363Z"}
{"level":"info","message":"[2025-06-25T11:20:51.365Z] Fetched skill plan for user 685646e5cc0deff29d3c83ea","timestamp":"2025-06-25T11:20:51.366Z"}
{"level":"info","message":"[2025-06-25T11:20:51.367Z] Fetched analytics for user 685646e5cc0deff29d3c83ea","timestamp":"2025-06-25T11:20:51.367Z"}
{"level":"info","message":"Token decoded successfully","timestamp":"2025-06-25T11:20:51.370Z","userId":"685646e5cc0deff29d3c83ea"}
{"level":"info","message":"Token decoded successfully","timestamp":"2025-06-25T11:20:51.373Z","userId":"685646e5cc0deff29d3c83ea"}
{"level":"info","message":"Token decoded successfully","timestamp":"2025-06-25T11:20:51.392Z","userId":"685646e5cc0deff29d3c83ea"}
{"level":"info","message":"Token decoded successfully","timestamp":"2025-06-25T11:20:51.395Z","userId":"685646e5cc0deff29d3c83ea"}
{"level":"info","message":"[2025-06-25T11:20:51.399Z] Fetched skills for user 685646e5cc0deff29d3c83ea","timestamp":"2025-06-25T11:20:51.399Z"}
{"level":"info","message":"[2025-06-25T11:20:51.406Z] Fetched chart data for user 685646e5cc0deff29d3c83ea","timestamp":"2025-06-25T11:20:51.406Z"}
{"level":"info","message":"[2025-06-25T11:20:51.410Z] Fetched skill plan for user 685646e5cc0deff29d3c83ea","timestamp":"2025-06-25T11:20:51.410Z"}
{"level":"info","message":"[2025-06-25T11:20:51.417Z] Fetched analytics for user 685646e5cc0deff29d3c83ea","timestamp":"2025-06-25T11:20:51.417Z"}
{"level":"info","message":"Token decoded successfully","timestamp":"2025-06-25T11:22:18.601Z","userId":"685646e5cc0deff29d3c83ea"}
{"level":"info","message":"Token decoded successfully","timestamp":"2025-06-25T11:22:18.605Z","userId":"685646e5cc0deff29d3c83ea"}
{"level":"info","message":"Token decoded successfully","timestamp":"2025-06-25T11:22:18.608Z","userId":"685646e5cc0deff29d3c83ea"}
{"level":"info","message":"[2025-06-25T11:22:18.620Z] Fetched skills for user 685646e5cc0deff29d3c83ea","timestamp":"2025-06-25T11:22:18.620Z"}
{"level":"info","message":"[2025-06-25T11:22:18.622Z] Fetched chart data for user 685646e5cc0deff29d3c83ea","timestamp":"2025-06-25T11:22:18.622Z"}
{"level":"info","message":"[2025-06-25T11:22:18.624Z] Fetched skill plan for user 685646e5cc0deff29d3c83ea","timestamp":"2025-06-25T11:22:18.624Z"}
{"level":"info","message":"Token decoded successfully","timestamp":"2025-06-25T11:22:18.626Z","userId":"685646e5cc0deff29d3c83ea"}
{"level":"info","message":"Token decoded successfully","timestamp":"2025-06-25T11:22:18.629Z","userId":"685646e5cc0deff29d3c83ea"}
{"level":"info","message":"Token decoded successfully","timestamp":"2025-06-25T11:22:18.634Z","userId":"685646e5cc0deff29d3c83ea"}
{"level":"info","message":"Token decoded successfully","timestamp":"2025-06-25T11:22:18.642Z","userId":"685646e5cc0deff29d3c83ea"}
{"level":"info","message":"[2025-06-25T11:22:18.649Z] Fetched analytics for user 685646e5cc0deff29d3c83ea","timestamp":"2025-06-25T11:22:18.649Z"}
{"level":"info","message":"[2025-06-25T11:22:18.655Z] Fetched skills for user 685646e5cc0deff29d3c83ea","timestamp":"2025-06-25T11:22:18.655Z"}
{"level":"info","message":"[2025-06-25T11:22:18.660Z] Fetched chart data for user 685646e5cc0deff29d3c83ea","timestamp":"2025-06-25T11:22:18.660Z"}
{"level":"info","message":"[2025-06-25T11:22:18.663Z] Fetched skill plan for user 685646e5cc0deff29d3c83ea","timestamp":"2025-06-25T11:22:18.663Z"}
{"level":"info","message":"Token decoded successfully","timestamp":"2025-06-25T11:22:18.668Z","userId":"685646e5cc0deff29d3c83ea"}
{"level":"info","message":"[2025-06-25T11:22:18.676Z] Fetched analytics for user 685646e5cc0deff29d3c83ea","timestamp":"2025-06-25T11:22:18.676Z"}
{"level":"info","message":"Token decoded successfully","timestamp":"2025-06-25T11:22:19.168Z","userId":"685646e5cc0deff29d3c83ea"}
{"level":"info","message":"[2025-06-25T11:22:19.174Z] Fetched skills for user 685646e5cc0deff29d3c83ea","timestamp":"2025-06-25T11:22:19.174Z"}
{"level":"info","message":"Token decoded successfully","timestamp":"2025-06-25T11:22:19.178Z","userId":"685646e5cc0deff29d3c83ea"}
{"level":"info","message":"[2025-06-25T11:22:19.186Z] Fetched skills for user 685646e5cc0deff29d3c83ea","timestamp":"2025-06-25T11:22:19.186Z"}
{"level":"info","message":"Token decoded successfully","timestamp":"2025-06-25T11:22:23.768Z","userId":"685646e5cc0deff29d3c83ea"}
{"level":"info","message":"[2025-06-25T11:22:23.774Z] Fetched skills for user 685646e5cc0deff29d3c83ea","timestamp":"2025-06-25T11:22:23.774Z"}
{"level":"info","message":"Token decoded successfully","timestamp":"2025-06-25T11:22:23.794Z","userId":"685646e5cc0deff29d3c83ea"}
{"level":"info","message":"[2025-06-25T11:22:23.841Z] Fetched skills for user 685646e5cc0deff29d3c83ea","timestamp":"2025-06-25T11:22:23.841Z"}
{"level":"info","message":"Token decoded successfully","timestamp":"2025-06-25T11:22:27.739Z","userId":"685646e5cc0deff29d3c83ea"}
{"level":"info","message":"[2025-06-25T11:22:27.747Z] Fetched skills for user 685646e5cc0deff29d3c83ea","timestamp":"2025-06-25T11:22:27.748Z"}
{"level":"info","message":"Token decoded successfully","timestamp":"2025-06-25T11:22:27.751Z","userId":"685646e5cc0deff29d3c83ea"}
{"level":"info","message":"[2025-06-25T11:22:27.757Z] Fetched skills for user 685646e5cc0deff29d3c83ea","timestamp":"2025-06-25T11:22:27.757Z"}
{"level":"info","message":"Token decoded successfully","timestamp":"2025-06-25T11:22:31.494Z","userId":"685646e5cc0deff29d3c83ea"}
{"level":"info","message":"[2025-06-25T11:22:31.502Z] Fetched skills for user 685646e5cc0deff29d3c83ea","timestamp":"2025-06-25T11:22:31.502Z"}
{"level":"info","message":"Token decoded successfully","timestamp":"2025-06-25T11:22:31.508Z","userId":"685646e5cc0deff29d3c83ea"}
{"level":"info","message":"[2025-06-25T11:22:31.516Z] Fetched skills for user 685646e5cc0deff29d3c83ea","timestamp":"2025-06-25T11:22:31.516Z"}
{"level":"info","message":"Token decoded successfully","timestamp":"2025-06-25T11:22:37.944Z","userId":"685646e5cc0deff29d3c83ea"}
{"level":"info","message":"[2025-06-25T11:22:37.952Z] Fetched skills for user 685646e5cc0deff29d3c83ea","timestamp":"2025-06-25T11:22:37.952Z"}
{"level":"info","message":"Token decoded successfully","timestamp":"2025-06-25T11:22:37.958Z","userId":"685646e5cc0deff29d3c83ea"}
{"level":"info","message":"[2025-06-25T11:22:37.963Z] Fetched skills for user 685646e5cc0deff29d3c83ea","timestamp":"2025-06-25T11:22:37.963Z"}
{"level":"info","message":"Token decoded successfully","timestamp":"2025-06-25T11:22:43.214Z","userId":"685646e5cc0deff29d3c83ea"}
{"level":"info","message":"[2025-06-25T11:22:43.218Z] Fetched skills for user 685646e5cc0deff29d3c83ea","timestamp":"2025-06-25T11:22:43.218Z"}
{"level":"info","message":"Token decoded successfully","timestamp":"2025-06-25T11:22:43.222Z","userId":"685646e5cc0deff29d3c83ea"}
{"level":"info","message":"[2025-06-25T11:22:43.226Z] Fetched skills for user 685646e5cc0deff29d3c83ea","timestamp":"2025-06-25T11:22:43.226Z"}
{"level":"info","message":"Token decoded successfully","timestamp":"2025-06-25T11:22:49.780Z","userId":"685646e5cc0deff29d3c83ea"}
{"level":"info","message":"[2025-06-25T11:22:49.788Z] Fetched skills for user 685646e5cc0deff29d3c83ea","timestamp":"2025-06-25T11:22:49.788Z"}
{"level":"info","message":"Token decoded successfully","timestamp":"2025-06-25T11:22:49.805Z","userId":"685646e5cc0deff29d3c83ea"}
{"level":"info","message":"[2025-06-25T11:22:49.813Z] Fetched skills for user 685646e5cc0deff29d3c83ea","timestamp":"2025-06-25T11:22:49.813Z"}
{"level":"info","message":"Token decoded successfully","timestamp":"2025-06-25T11:23:01.421Z","userId":"685646e5cc0deff29d3c83ea"}
{"level":"info","message":"[2025-06-25T11:23:01.426Z] Fetched skills for user 685646e5cc0deff29d3c83ea","timestamp":"2025-06-25T11:23:01.426Z"}
{"level":"info","message":"Token decoded successfully","timestamp":"2025-06-25T11:23:01.435Z","userId":"685646e5cc0deff29d3c83ea"}
{"level":"info","message":"[2025-06-25T11:23:01.440Z] Fetched skills for user 685646e5cc0deff29d3c83ea","timestamp":"2025-06-25T11:23:01.440Z"}
{"level":"info","message":"Token decoded successfully","timestamp":"2025-06-25T11:23:10.289Z","userId":"685646e5cc0deff29d3c83ea"}
{"level":"info","message":"[2025-06-25T11:23:10.298Z] Fetched skills for user 685646e5cc0deff29d3c83ea","timestamp":"2025-06-25T11:23:10.298Z"}
{"level":"info","message":"Token decoded successfully","timestamp":"2025-06-25T11:23:10.302Z","userId":"685646e5cc0deff29d3c83ea"}
{"level":"info","message":"[2025-06-25T11:23:10.308Z] Fetched skills for user 685646e5cc0deff29d3c83ea","timestamp":"2025-06-25T11:23:10.308Z"}
{"level":"info","message":"Token decoded successfully","timestamp":"2025-06-25T11:23:13.127Z","userId":"685646e5cc0deff29d3c83ea"}
{"level":"info","message":"[2025-06-25T11:23:13.133Z] Fetched skills for user 685646e5cc0deff29d3c83ea","timestamp":"2025-06-25T11:23:13.133Z"}
{"level":"info","message":"Token decoded successfully","timestamp":"2025-06-25T11:23:13.137Z","userId":"685646e5cc0deff29d3c83ea"}
{"level":"info","message":"[2025-06-25T11:23:13.146Z] Fetched skills for user 685646e5cc0deff29d3c83ea","timestamp":"2025-06-25T11:23:13.146Z"}
{"level":"info","message":"Token decoded successfully","timestamp":"2025-06-25T11:23:32.220Z","userId":"685646e5cc0deff29d3c83ea"}
{"level":"info","message":"[2025-06-25T11:23:32.224Z] Fetched skills for user 685646e5cc0deff29d3c83ea","timestamp":"2025-06-25T11:23:32.224Z"}
{"level":"info","message":"Token decoded successfully","timestamp":"2025-06-25T11:23:32.227Z","userId":"685646e5cc0deff29d3c83ea"}
{"level":"info","message":"[2025-06-25T11:23:32.231Z] Fetched skills for user 685646e5cc0deff29d3c83ea","timestamp":"2025-06-25T11:23:32.231Z"}
{"level":"info","message":"Token decoded successfully","timestamp":"2025-06-25T11:23:38.641Z","userId":"685646e5cc0deff29d3c83ea"}
{"level":"info","message":"[2025-06-25T11:23:38.646Z] Fetched skills for user 685646e5cc0deff29d3c83ea","timestamp":"2025-06-25T11:23:38.646Z"}
{"level":"info","message":"Token decoded successfully","timestamp":"2025-06-25T11:23:38.649Z","userId":"685646e5cc0deff29d3c83ea"}
{"level":"info","message":"[2025-06-25T11:23:38.655Z] Fetched skills for user 685646e5cc0deff29d3c83ea","timestamp":"2025-06-25T11:23:38.655Z"}
{"level":"info","message":"Token decoded successfully","timestamp":"2025-06-25T11:23:42.332Z","userId":"685646e5cc0deff29d3c83ea"}
{"level":"info","message":"[2025-06-25T11:23:42.340Z] Fetched skills for user 685646e5cc0deff29d3c83ea","timestamp":"2025-06-25T11:23:42.340Z"}
{"level":"info","message":"Token decoded successfully","timestamp":"2025-06-25T11:23:42.657Z","userId":"685646e5cc0deff29d3c83ea"}
{"level":"info","message":"[2025-06-25T11:23:42.663Z] Fetched skills for user 685646e5cc0deff29d3c83ea","timestamp":"2025-06-25T11:23:42.663Z"}
{"level":"info","message":"Token decoded successfully","timestamp":"2025-06-25T11:23:44.229Z","userId":"685646e5cc0deff29d3c83ea"}
{"level":"info","message":"[2025-06-25T11:23:44.233Z] Fetched skills for user 685646e5cc0deff29d3c83ea","timestamp":"2025-06-25T11:23:44.233Z"}
{"level":"info","message":"Token decoded successfully","timestamp":"2025-06-25T11:23:44.237Z","userId":"685646e5cc0deff29d3c83ea"}
{"level":"info","message":"[2025-06-25T11:23:44.248Z] Fetched skills for user 685646e5cc0deff29d3c83ea","timestamp":"2025-06-25T11:23:44.249Z"}
{"level":"info","message":"Token decoded successfully","timestamp":"2025-06-25T11:26:24.574Z","userId":"685646e5cc0deff29d3c83ea"}
{"level":"info","message":"[2025-06-25T11:26:24.579Z] Fetched skills for user 685646e5cc0deff29d3c83ea","timestamp":"2025-06-25T11:26:24.580Z"}
{"level":"info","message":"Token decoded successfully","timestamp":"2025-06-25T11:26:24.584Z","userId":"685646e5cc0deff29d3c83ea"}
{"level":"info","message":"[2025-06-25T11:26:24.592Z] Fetched skills for user 685646e5cc0deff29d3c83ea","timestamp":"2025-06-25T11:26:24.592Z"}
{"level":"info","message":"Token decoded successfully","timestamp":"2025-06-25T11:36:27.453Z","userId":"685646e5cc0deff29d3c83ea"}
{"level":"info","message":"Token decoded successfully","timestamp":"2025-06-25T11:36:27.461Z","userId":"685646e5cc0deff29d3c83ea"}
{"level":"info","message":"Token decoded successfully","timestamp":"2025-06-25T11:36:27.466Z","userId":"685646e5cc0deff29d3c83ea"}
{"level":"info","message":"Token decoded successfully","timestamp":"2025-06-25T11:36:27.483Z","userId":"685646e5cc0deff29d3c83ea"}
{"level":"info","message":"[2025-06-25T11:36:27.490Z] Fetched skills for user 685646e5cc0deff29d3c83ea","timestamp":"2025-06-25T11:36:27.490Z"}
{"level":"info","message":"[2025-06-25T11:36:27.494Z] Fetched skill plan for user 685646e5cc0deff29d3c83ea","timestamp":"2025-06-25T11:36:27.494Z"}
{"level":"info","message":"[2025-06-25T11:36:27.505Z] Fetched chart data for user 685646e5cc0deff29d3c83ea","timestamp":"2025-06-25T11:36:27.505Z"}
{"level":"info","message":"Token decoded successfully","timestamp":"2025-06-25T11:36:27.509Z","userId":"685646e5cc0deff29d3c83ea"}
{"level":"info","message":"[2025-06-25T11:36:27.511Z] Fetched analytics for user 685646e5cc0deff29d3c83ea","timestamp":"2025-06-25T11:36:27.512Z"}
{"level":"info","message":"Token decoded successfully","timestamp":"2025-06-25T11:36:27.516Z","userId":"685646e5cc0deff29d3c83ea"}
{"level":"info","message":"Token decoded successfully","timestamp":"2025-06-25T11:36:27.519Z","userId":"685646e5cc0deff29d3c83ea"}
{"level":"info","message":"Token decoded successfully","timestamp":"2025-06-25T11:36:27.526Z","userId":"685646e5cc0deff29d3c83ea"}
{"level":"info","message":"[2025-06-25T11:36:27.536Z] Fetched skills for user 685646e5cc0deff29d3c83ea","timestamp":"2025-06-25T11:36:27.536Z"}
{"level":"info","message":"[2025-06-25T11:36:27.543Z] Fetched skill plan for user 685646e5cc0deff29d3c83ea","timestamp":"2025-06-25T11:36:27.543Z"}
{"level":"info","message":"[2025-06-25T11:36:27.546Z] Fetched analytics for user 685646e5cc0deff29d3c83ea","timestamp":"2025-06-25T11:36:27.546Z"}
{"level":"info","message":"[2025-06-25T11:36:27.556Z] Fetched chart data for user 685646e5cc0deff29d3c83ea","timestamp":"2025-06-25T11:36:27.556Z"}
{"level":"info","message":"Token decoded successfully","timestamp":"2025-06-25T11:36:31.499Z","userId":"685646e5cc0deff29d3c83ea"}
{"level":"info","message":"Token decoded successfully","timestamp":"2025-06-25T11:36:31.518Z","userId":"685646e5cc0deff29d3c83ea"}
{"level":"info","message":"Token decoded successfully","timestamp":"2025-06-25T11:36:31.533Z","userId":"685646e5cc0deff29d3c83ea"}
{"level":"info","message":"Token decoded successfully","timestamp":"2025-06-25T11:36:31.536Z","userId":"685646e5cc0deff29d3c83ea"}
{"level":"info","message":"Token decoded successfully","timestamp":"2025-06-25T11:36:31.563Z","userId":"685646e5cc0deff29d3c83ea"}
{"level":"info","message":"Token decoded successfully","timestamp":"2025-06-25T11:36:31.566Z","userId":"685646e5cc0deff29d3c83ea"}
{"level":"info","message":"Token decoded successfully","timestamp":"2025-06-25T11:36:31.657Z","userId":"685646e5cc0deff29d3c83ea"}
{"level":"info","message":"Token decoded successfully","timestamp":"2025-06-25T11:36:31.702Z","userId":"685646e5cc0deff29d3c83ea"}
{"level":"info","message":"Token decoded successfully","timestamp":"2025-06-25T11:36:36.492Z","userId":"685646e5cc0deff29d3c83ea"}
{"level":"info","message":"[2025-06-25T11:39:37.938Z] ✅ Route /api/auth attached successfully","timestamp":"2025-06-25T11:39:37.939Z"}
{"level":"info","message":"[2025-06-25T11:39:37.941Z] ✅ Route /api/profile attached successfully","timestamp":"2025-06-25T11:39:37.941Z"}
{"level":"info","message":"[2025-06-25T11:39:37.942Z] ✅ Route /api/skills attached successfully","timestamp":"2025-06-25T11:39:37.942Z"}
{"level":"info","message":"[2025-06-25T11:39:37.942Z] ✅ Route /api/tasks attached successfully","timestamp":"2025-06-25T11:39:37.942Z"}
{"level":"info","message":"[2025-06-25T11:39:37.942Z] ✅ Route /api/users attached successfully","timestamp":"2025-06-25T11:39:37.942Z"}
{"level":"info","message":"[2025-06-25T11:39:37.943Z] ✅ Route /api/analytics attached successfully","timestamp":"2025-06-25T11:39:37.943Z"}
{"level":"info","message":"[2025-06-25T11:39:37.943Z] ✅ Route /api/adaptiveLearning attached successfully","timestamp":"2025-06-25T11:39:37.943Z"}
{"level":"info","message":"[2025-06-25T11:39:37.943Z] ✅ Route /api/activities attached successfully","timestamp":"2025-06-25T11:39:37.943Z"}
{"level":"info","message":"[2025-06-25T11:39:37.943Z] MongoDB URI: mongodb://127.0.0.1:27017/learno_db","timestamp":"2025-06-25T11:39:37.943Z"}
{"level":"info","message":"[2025-06-25T11:39:37.977Z] ✅ MongoDB Connected","timestamp":"2025-06-25T11:39:37.977Z"}
{"level":"info","message":"[2025-06-25T11:39:37.982Z] 🚀 Server running on port 5000","timestamp":"2025-06-25T11:39:37.982Z"}
{"level":"info","message":"[2025-06-25T11:46:05.749Z] ✅ Route /api/auth attached successfully","timestamp":"2025-06-25T11:46:05.750Z"}
{"level":"info","message":"[2025-06-25T11:46:05.752Z] ✅ Route /api/profile attached successfully","timestamp":"2025-06-25T11:46:05.752Z"}
{"level":"info","message":"[2025-06-25T11:46:05.753Z] ✅ Route /api/skills attached successfully","timestamp":"2025-06-25T11:46:05.753Z"}
{"level":"info","message":"[2025-06-25T11:46:05.754Z] ✅ Route /api/tasks attached successfully","timestamp":"2025-06-25T11:46:05.754Z"}
{"level":"info","message":"[2025-06-25T11:46:05.754Z] ✅ Route /api/users attached successfully","timestamp":"2025-06-25T11:46:05.754Z"}
{"level":"info","message":"[2025-06-25T11:46:05.754Z] ✅ Route /api/analytics attached successfully","timestamp":"2025-06-25T11:46:05.754Z"}
{"level":"info","message":"[2025-06-25T11:46:05.755Z] ✅ Route /api/adaptiveLearning attached successfully","timestamp":"2025-06-25T11:46:05.755Z"}
{"level":"info","message":"[2025-06-25T11:46:05.755Z] ✅ Route /api/activities attached successfully","timestamp":"2025-06-25T11:46:05.755Z"}
{"level":"info","message":"[2025-06-25T11:46:05.755Z] ✅ Route /api/dashboard attached successfully","timestamp":"2025-06-25T11:46:05.755Z"}
{"level":"info","message":"[2025-06-25T11:46:05.756Z] MongoDB URI: mongodb://127.0.0.1:27017/learno_db","timestamp":"2025-06-25T11:46:05.756Z"}
{"level":"info","message":"[2025-06-25T11:46:05.787Z] ✅ MongoDB Connected","timestamp":"2025-06-25T11:46:05.787Z"}
{"level":"info","message":"[2025-06-25T11:46:05.790Z] 🚀 Server running on port 5000","timestamp":"2025-06-25T11:46:05.790Z"}
{"level":"info","message":"[2025-06-25T11:47:44.583Z] ✅ Route /api/auth attached successfully","timestamp":"2025-06-25T11:47:44.584Z"}
{"level":"info","message":"[2025-06-25T11:47:44.586Z] ✅ Route /api/profile attached successfully","timestamp":"2025-06-25T11:47:44.586Z"}
{"level":"info","message":"[2025-06-25T11:47:44.586Z] ✅ Route /api/skills attached successfully","timestamp":"2025-06-25T11:47:44.586Z"}
{"level":"info","message":"[2025-06-25T11:47:44.587Z] ✅ Route /api/tasks attached successfully","timestamp":"2025-06-25T11:47:44.587Z"}
{"level":"info","message":"[2025-06-25T11:47:44.587Z] ✅ Route /api/users attached successfully","timestamp":"2025-06-25T11:47:44.587Z"}
{"level":"info","message":"[2025-06-25T11:47:44.587Z] ✅ Route /api/analytics attached successfully","timestamp":"2025-06-25T11:47:44.587Z"}
{"level":"info","message":"[2025-06-25T11:47:44.588Z] ✅ Route /api/adaptiveLearning attached successfully","timestamp":"2025-06-25T11:47:44.588Z"}
{"level":"info","message":"[2025-06-25T11:47:44.588Z] ✅ Route /api/activities attached successfully","timestamp":"2025-06-25T11:47:44.588Z"}
{"level":"info","message":"[2025-06-25T11:47:44.588Z] ✅ Route /api/dashboard attached successfully","timestamp":"2025-06-25T11:47:44.588Z"}
{"level":"info","message":"[2025-06-25T11:47:44.589Z] MongoDB URI: mongodb://127.0.0.1:27017/learno_db","timestamp":"2025-06-25T11:47:44.589Z"}
{"level":"info","message":"[2025-06-25T11:47:44.615Z] ✅ MongoDB Connected","timestamp":"2025-06-25T11:47:44.615Z"}
{"level":"info","message":"[2025-06-25T11:47:44.618Z] 🚀 Server running on port 5000","timestamp":"2025-06-25T11:47:44.618Z"}
{"level":"info","message":"Token decoded successfully","timestamp":"2025-06-25T12:02:44.981Z","userId":"685646e5cc0deff29d3c83ea"}
{"level":"info","message":"Token decoded successfully","timestamp":"2025-06-25T12:02:45.040Z","userId":"685646e5cc0deff29d3c83ea"}
{"level":"info","message":"Token decoded successfully","timestamp":"2025-06-25T12:02:45.048Z","userId":"685646e5cc0deff29d3c83ea"}
{"level":"info","message":"Token decoded successfully","timestamp":"2025-06-25T12:02:45.112Z","userId":"685646e5cc0deff29d3c83ea"}
{"level":"info","message":"Token decoded successfully","timestamp":"2025-06-25T12:02:45.138Z","userId":"685646e5cc0deff29d3c83ea"}
{"level":"info","message":"Token decoded successfully","timestamp":"2025-06-25T12:02:45.148Z","userId":"685646e5cc0deff29d3c83ea"}
{"level":"info","message":"Token decoded successfully","timestamp":"2025-06-25T12:02:45.176Z","userId":"685646e5cc0deff29d3c83ea"}
{"level":"info","message":"Token decoded successfully","timestamp":"2025-06-25T12:02:45.184Z","userId":"685646e5cc0deff29d3c83ea"}
{"level":"info","message":"Token decoded successfully","timestamp":"2025-06-25T12:02:45.205Z","userId":"685646e5cc0deff29d3c83ea"}
{"level":"info","message":"Token decoded successfully","timestamp":"2025-06-25T12:02:45.210Z","userId":"685646e5cc0deff29d3c83ea"}
{"level":"info","message":"Token decoded successfully","timestamp":"2025-06-25T12:02:45.232Z","userId":"685646e5cc0deff29d3c83ea"}
{"level":"info","message":"Token decoded successfully","timestamp":"2025-06-25T12:02:46.027Z","userId":"685646e5cc0deff29d3c83ea"}
{"level":"info","message":"Token decoded successfully","timestamp":"2025-06-25T12:02:46.033Z","userId":"685646e5cc0deff29d3c83ea"}
{"level":"info","message":"Token decoded successfully","timestamp":"2025-06-25T12:02:46.037Z","userId":"685646e5cc0deff29d3c83ea"}
{"level":"info","message":"Token decoded successfully","timestamp":"2025-06-25T12:02:46.040Z","userId":"685646e5cc0deff29d3c83ea"}
{"level":"info","message":"[2025-06-25T12:02:46.053Z] Fetched skills for user 685646e5cc0deff29d3c83ea","timestamp":"2025-06-25T12:02:46.053Z"}
{"level":"info","message":"[2025-06-25T12:02:46.057Z] Fetched chart data for user 685646e5cc0deff29d3c83ea","timestamp":"2025-06-25T12:02:46.057Z"}
{"level":"info","message":"[2025-06-25T12:02:46.061Z] Fetched skill plan for user 685646e5cc0deff29d3c83ea","timestamp":"2025-06-25T12:02:46.061Z"}
{"level":"info","message":"[2025-06-25T12:02:46.067Z] Fetched analytics for user 685646e5cc0deff29d3c83ea","timestamp":"2025-06-25T12:02:46.067Z"}
{"level":"info","message":"Token decoded successfully","timestamp":"2025-06-25T12:02:46.070Z","userId":"685646e5cc0deff29d3c83ea"}
{"level":"info","message":"Token decoded successfully","timestamp":"2025-06-25T12:02:46.072Z","userId":"685646e5cc0deff29d3c83ea"}
{"level":"info","message":"Token decoded successfully","timestamp":"2025-06-25T12:02:46.075Z","userId":"685646e5cc0deff29d3c83ea"}
{"level":"info","message":"Token decoded successfully","timestamp":"2025-06-25T12:02:46.077Z","userId":"685646e5cc0deff29d3c83ea"}
{"level":"info","message":"[2025-06-25T12:02:46.087Z] Fetched skill plan for user 685646e5cc0deff29d3c83ea","timestamp":"2025-06-25T12:02:46.087Z"}
{"level":"info","message":"[2025-06-25T12:02:46.095Z] Fetched skills for user 685646e5cc0deff29d3c83ea","timestamp":"2025-06-25T12:02:46.095Z"}
{"level":"info","message":"[2025-06-25T12:02:46.099Z] Fetched chart data for user 685646e5cc0deff29d3c83ea","timestamp":"2025-06-25T12:02:46.099Z"}
{"level":"info","message":"[2025-06-25T12:02:46.105Z] Fetched analytics for user 685646e5cc0deff29d3c83ea","timestamp":"2025-06-25T12:02:46.105Z"}
{"level":"info","message":"Token decoded successfully","timestamp":"2025-06-25T12:10:34.692Z","userId":"685646e5cc0deff29d3c83ea"}
{"level":"info","message":"[2025-06-25T12:10:34.702Z] Fetched skills for user 685646e5cc0deff29d3c83ea","timestamp":"2025-06-25T12:10:34.702Z"}
{"level":"info","message":"Token decoded successfully","timestamp":"2025-06-25T12:10:34.708Z","userId":"685646e5cc0deff29d3c83ea"}
{"level":"info","message":"[2025-06-25T12:10:34.717Z] Fetched skills for user 685646e5cc0deff29d3c83ea","timestamp":"2025-06-25T12:10:34.717Z"}
{"level":"info","message":"Token decoded successfully","timestamp":"2025-06-25T12:10:43.120Z","userId":"685646e5cc0deff29d3c83ea"}
{"level":"info","message":"Token decoded successfully","timestamp":"2025-06-25T12:10:43.135Z","userId":"685646e5cc0deff29d3c83ea"}
{"level":"info","message":"Token decoded successfully","timestamp":"2025-06-25T12:10:43.143Z","userId":"685646e5cc0deff29d3c83ea"}
{"level":"info","message":"Token decoded successfully","timestamp":"2025-06-25T12:10:43.148Z","userId":"685646e5cc0deff29d3c83ea"}
{"level":"info","message":"Token decoded successfully","timestamp":"2025-06-25T12:10:43.180Z","userId":"685646e5cc0deff29d3c83ea"}
{"level":"info","message":"Token decoded successfully","timestamp":"2025-06-25T12:10:43.194Z","userId":"685646e5cc0deff29d3c83ea"}
{"level":"info","message":"Token decoded successfully","timestamp":"2025-06-25T12:10:43.257Z","userId":"685646e5cc0deff29d3c83ea"}
{"level":"info","message":"Token decoded successfully","timestamp":"2025-06-25T12:10:43.266Z","userId":"685646e5cc0deff29d3c83ea"}
{"level":"info","message":"Token decoded successfully","timestamp":"2025-06-25T12:10:43.272Z","userId":"685646e5cc0deff29d3c83ea"}
{"level":"info","message":"Token decoded successfully","timestamp":"2025-06-25T12:10:43.280Z","userId":"685646e5cc0deff29d3c83ea"}
{"level":"info","message":"Token decoded successfully","timestamp":"2025-06-25T12:10:43.368Z","userId":"685646e5cc0deff29d3c83ea"}
{"level":"info","message":"Token decoded successfully","timestamp":"2025-06-25T12:10:44.954Z","userId":"685646e5cc0deff29d3c83ea"}
{"level":"info","message":"Token decoded successfully","timestamp":"2025-06-25T12:10:44.957Z","userId":"685646e5cc0deff29d3c83ea"}
{"level":"info","message":"Token decoded successfully","timestamp":"2025-06-25T12:10:44.961Z","userId":"685646e5cc0deff29d3c83ea"}
{"level":"info","message":"Token decoded successfully","timestamp":"2025-06-25T12:10:44.964Z","userId":"685646e5cc0deff29d3c83ea"}
{"level":"info","message":"[2025-06-25T12:10:44.976Z] Fetched skills for user 685646e5cc0deff29d3c83ea","timestamp":"2025-06-25T12:10:44.976Z"}
{"level":"info","message":"[2025-06-25T12:10:44.978Z] Fetched chart data for user 685646e5cc0deff29d3c83ea","timestamp":"2025-06-25T12:10:44.978Z"}
{"level":"info","message":"[2025-06-25T12:10:44.980Z] Fetched skill plan for user 685646e5cc0deff29d3c83ea","timestamp":"2025-06-25T12:10:44.980Z"}
{"level":"info","message":"[2025-06-25T12:10:44.982Z] Fetched analytics for user 685646e5cc0deff29d3c83ea","timestamp":"2025-06-25T12:10:44.982Z"}
{"level":"info","message":"Token decoded successfully","timestamp":"2025-06-25T12:10:44.986Z","userId":"685646e5cc0deff29d3c83ea"}
{"level":"info","message":"Token decoded successfully","timestamp":"2025-06-25T12:10:44.990Z","userId":"685646e5cc0deff29d3c83ea"}
{"level":"info","message":"Token decoded successfully","timestamp":"2025-06-25T12:10:44.994Z","userId":"685646e5cc0deff29d3c83ea"}
{"level":"info","message":"Token decoded successfully","timestamp":"2025-06-25T12:10:44.996Z","userId":"685646e5cc0deff29d3c83ea"}
{"level":"info","message":"[2025-06-25T12:10:45.007Z] Fetched skills for user 685646e5cc0deff29d3c83ea","timestamp":"2025-06-25T12:10:45.007Z"}
{"level":"info","message":"[2025-06-25T12:10:45.011Z] Fetched chart data for user 685646e5cc0deff29d3c83ea","timestamp":"2025-06-25T12:10:45.011Z"}
{"level":"info","message":"[2025-06-25T12:10:45.013Z] Fetched skill plan for user 685646e5cc0deff29d3c83ea","timestamp":"2025-06-25T12:10:45.013Z"}
{"level":"info","message":"[2025-06-25T12:10:45.015Z] Fetched analytics for user 685646e5cc0deff29d3c83ea","timestamp":"2025-06-25T12:10:45.015Z"}
{"level":"info","message":"Token decoded successfully","timestamp":"2025-06-25T12:10:47.471Z","userId":"685646e5cc0deff29d3c83ea"}
{"level":"info","message":"Token decoded successfully","timestamp":"2025-06-25T12:10:47.482Z","userId":"685646e5cc0deff29d3c83ea"}
{"level":"info","message":"Token decoded successfully","timestamp":"2025-06-25T12:10:47.490Z","userId":"685646e5cc0deff29d3c83ea"}
{"level":"info","message":"Token decoded successfully","timestamp":"2025-06-25T12:10:47.500Z","userId":"685646e5cc0deff29d3c83ea"}
{"level":"info","message":"Token decoded successfully","timestamp":"2025-06-25T12:10:47.524Z","userId":"685646e5cc0deff29d3c83ea"}
{"level":"info","message":"Token decoded successfully","timestamp":"2025-06-25T12:10:47.545Z","userId":"685646e5cc0deff29d3c83ea"}
{"level":"info","message":"Token decoded successfully","timestamp":"2025-06-25T12:10:47.599Z","userId":"685646e5cc0deff29d3c83ea"}
{"level":"info","message":"Token decoded successfully","timestamp":"2025-06-25T12:10:47.613Z","userId":"685646e5cc0deff29d3c83ea"}
{"level":"info","message":"Token decoded successfully","timestamp":"2025-06-25T12:10:47.615Z","userId":"685646e5cc0deff29d3c83ea"}
{"level":"info","message":"Token decoded successfully","timestamp":"2025-06-25T12:10:47.630Z","userId":"685646e5cc0deff29d3c83ea"}
{"level":"info","message":"Token decoded successfully","timestamp":"2025-06-25T12:10:47.688Z","userId":"685646e5cc0deff29d3c83ea"}
{"level":"info","message":"Token decoded successfully","timestamp":"2025-06-25T12:10:51.095Z","userId":"685646e5cc0deff29d3c83ea"}
{"level":"info","message":"[2025-06-25T12:10:51.104Z] Fetched skills for user 685646e5cc0deff29d3c83ea","timestamp":"2025-06-25T12:10:51.104Z"}
{"level":"info","message":"Token decoded successfully","timestamp":"2025-06-25T12:10:51.108Z","userId":"685646e5cc0deff29d3c83ea"}
{"level":"info","message":"[2025-06-25T12:10:51.112Z] Fetched skills for user 685646e5cc0deff29d3c83ea","timestamp":"2025-06-25T12:10:51.112Z"}
{"level":"info","message":"Token decoded successfully","timestamp":"2025-06-25T12:12:05.494Z","userId":"685646e5cc0deff29d3c83ea"}
{"level":"info","message":"[2025-06-25T12:12:05.500Z] Fetched skills for user 685646e5cc0deff29d3c83ea","timestamp":"2025-06-25T12:12:05.500Z"}
{"level":"info","message":"Token decoded successfully","timestamp":"2025-06-25T12:12:05.504Z","userId":"685646e5cc0deff29d3c83ea"}
{"level":"info","message":"[2025-06-25T12:12:05.511Z] Fetched skills for user 685646e5cc0deff29d3c83ea","timestamp":"2025-06-25T12:12:05.511Z"}
{"level":"info","message":"Token decoded successfully","timestamp":"2025-06-25T12:12:17.250Z","userId":"685646e5cc0deff29d3c83ea"}
{"level":"info","message":"[2025-06-25T12:12:17.268Z] Fetched skills for user 685646e5cc0deff29d3c83ea","timestamp":"2025-06-25T12:12:17.269Z"}
{"level":"info","message":"Token decoded successfully","timestamp":"2025-06-25T12:12:17.273Z","userId":"685646e5cc0deff29d3c83ea"}
{"level":"info","message":"[2025-06-25T12:12:17.286Z] Fetched skills for user 685646e5cc0deff29d3c83ea","timestamp":"2025-06-25T12:12:17.286Z"}
{"level":"info","message":"Token decoded successfully","timestamp":"2025-06-25T12:14:20.126Z","userId":"685646e5cc0deff29d3c83ea"}
{"level":"info","message":"[2025-06-25T12:14:20.147Z] Fetched skills for user 685646e5cc0deff29d3c83ea","timestamp":"2025-06-25T12:14:20.147Z"}
{"level":"info","message":"Token decoded successfully","timestamp":"2025-06-25T12:14:20.162Z","userId":"685646e5cc0deff29d3c83ea"}
{"level":"info","message":"[2025-06-25T12:14:20.175Z] Fetched skills for user 685646e5cc0deff29d3c83ea","timestamp":"2025-06-25T12:14:20.175Z"}
{"level":"info","message":"Token decoded successfully","timestamp":"2025-06-25T12:14:48.134Z","userId":"685646e5cc0deff29d3c83ea"}
{"level":"info","message":"[2025-06-25T12:14:48.147Z] Fetched skills for user 685646e5cc0deff29d3c83ea","timestamp":"2025-06-25T12:14:48.148Z"}
{"level":"info","message":"Token decoded successfully","timestamp":"2025-06-25T12:14:48.152Z","userId":"685646e5cc0deff29d3c83ea"}
{"level":"info","message":"[2025-06-25T12:14:48.156Z] Fetched skills for user 685646e5cc0deff29d3c83ea","timestamp":"2025-06-25T12:14:48.156Z"}
{"level":"info","message":"Token decoded successfully","timestamp":"2025-06-25T12:14:58.656Z","userId":"685646e5cc0deff29d3c83ea"}
{"level":"info","message":"[2025-06-25T12:14:58.663Z] Fetched skills for user 685646e5cc0deff29d3c83ea","timestamp":"2025-06-25T12:14:58.663Z"}
{"level":"info","message":"Token decoded successfully","timestamp":"2025-06-25T12:14:58.667Z","userId":"685646e5cc0deff29d3c83ea"}
{"level":"info","message":"[2025-06-25T12:14:58.673Z] Fetched skills for user 685646e5cc0deff29d3c83ea","timestamp":"2025-06-25T12:14:58.673Z"}
